Company,Symbol,Previous Close,1y Target Est,Undervalue Rate,Annual_Return_5Y,Annual_Volatility_5Y
Adobe Inc.,ADBE,361.03,446.3958922861056,0.2364509660862133,0.006879704354492612,0.35941863565917465
Advanced Micro Devices,AMD,166.55,56.17838029224878,-0.6626936037691458,0.26398771290889134,0.5067387985373684
Airbnb,ABNB,126.0,367.5332150936846,1.9169302785213065,0.08491084431181858,0.4832515432320766
Alphabet Inc.,GOOGL,201.57,267.82376917893964,0.3286886400701476,0.23466078358532205,0.3101205324229742
Alphabet Inc.,GOOG,202.49,267.8251171886487,0.3226584877705005,0.23456945001824508,0.3089351322108425
Amazon,AMZN,228.01,31.12918592617877,-0.8634744707417272,0.12491386488822212,0.35432996371208086
American Electric Power,AEP,112.66,,,0.09282120544349923,0.2005064901236444
Amgen,AMGN,295.55,840.7792615186637,1.844795335877732,0.07199307550242566,0.234961950488581
Analog Devices,ADI,230.44,243.91365133245253,0.0584692385542984,0.20294626579726807,0.32608746824589435
Apple Inc.,AAPL,230.56,173.77669714118954,-0.2462842767991432,0.1628710868844859,0.29319241548989095
Applied Materials,AMAT,162.215,144.156286775192,-0.1113257912326727,0.28522020272067633,0.4339839376548318
AppLovin,APP,412.6,84.0014966126283,-0.7964093635176241,0.7190559066600252,0.7818932262816339
Arm Holdings,ARM,134.01,10.0709254342952,-0.9248494482927004,0.6863711419201286,0.7762236506352849
ASML Holding,ASML,743.61,750.7543171041926,0.0096076130016979,0.22658008092061485,0.4141629604700967
AstraZeneca,AZN,79.54,84.86429371860321,0.0669385682499774,0.10306129780413743,0.2404703154289999
Atlassian,TEAM,166.21,260.975382676545,0.5701545194425424,0.16233859019483804,0.5681710628750262
Autodesk,ADSK,289.24,201.18214803768095,-0.3044456228817557,0.09185132049720976,0.35011009900964457
Automatic Data Processing,ADP,305.72,334.0319225471775,0.0926073614653193,0.18551599860317536,0.21681447173320254
Axon Enterprise,AXON,758.29,87.70008137258287,-0.8843449321861255,0.5531568009010959,0.46620435513844927
Baker Hughes,BKR,42.95,53.80246904372341,0.2526768112624775,0.2726916611310475,0.3683112826733572
Biogen,BIIB,138.86,354.6175476323975,1.5537775286792268,-0.04894306796750901,0.44315845756817807
Booking Holdings,BKNG,5584.08,10970.897631554026,0.9646741507202664,0.2871305937386003,0.3331393355242518
Broadcom,AVGO,294.91,200.74116630105115,-0.3193138031906306,0.5201419717569564,0.4082991664594013
Cadence Design Systems,CDNS,346.88,196.3123546569245,-0.434062630716892,0.29228049031835124,0.3562505931295399
CDW Corporation,CDW,167.58,139.00403361189353,-0.170521341377888,0.12156238127357014,0.2811521649900393
Charter Communications,CHTR,267.01,441.9743979244552,0.6552728284500777,-0.10283921347352518,0.3573682406417228
Cintas,CTAS,216.43,118.67502017012286,-0.4516701928100408,0.22817694558160623,0.2369444222813152
Cisco,CSCO,66.76,64.25900505508812,-0.0374624767062894,0.11903962891690803,0.22740154449305452
Coca-Cola Europacific Partners,CCEP,90.4,,,0.2053742065510697,0.2557117879224111
Cognizant,CTSH,70.86,110.90126492320076,0.5650757115890597,0.04757080259304022,0.25766069388190616
Comcast,CMCSA,33.89,,,-0.01730775438763883,0.261634255555772
Constellation Energy,CEG,317.24,,,0.6855347914402711,0.4954976794362156
Copart,CPRT,47.81,36.64627137367082,-0.2335019583001293,0.16204021309958583,0.26046850650101055
CoStar Group,CSGP,88.95,52.00757242667869,-0.4153167799136741,0.06504067200127164,0.3273785106022577
Costco,COST,980.85,432.2170274030824,-0.559344418205554,0.23877330858327453,0.22602709174362567
CrowdStrike,CRWD,418.6,385.1648462398832,-0.0798737548019992,0.40175681413340786,0.522568092964985
CSX Corporation,CSX,36.52,33.33300851550504,-0.0872670176477261,0.10320689228304938,0.23525390510257907
Datadog,DDOG,128.99,151.21511244971268,0.1723010500791741,0.23444544588500288,0.5586511508570077
DexCom,DXCM,80.9,32.24505846650807,-0.6014207853336456,0.0628883287709728,0.47069878074765453
Diamondback Energy,FANG,138.96,,,0.35672554130545403,0.45986327159503604
DoorDash,DASH,248.37,103.16472454724428,-0.5846329083736188,0.22522370742390432,0.5866140482482105
Electronic Arts,EA,170.68,294.2426581781611,0.7239433921851481,0.07049886887464554,0.2498486231401426
Exelon,EXC,44.74,,,0.13230627885227386,0.2137218885704149
Fastenal,FAST,49.9,25.201828953557357,-0.494953327584021,0.17260161767004958,0.24193134754914425
Fortinet,FTNT,78.09,127.47324711889895,0.6323888733371619,0.3177593725845042,0.43230160237906634
GE HealthCare,GEHC,73.97,61.92023051567149,-0.1629007636113087,0.13158279385186716,0.32499913836977473
Gilead Sciences,GILD,117.98,247.99301004220945,1.1019919481455285,0.14376662408987614,0.2344205485309858
GlobalFoundries,GFS,33.22,16.636159359876064,-0.4992125418459944,0.033194122171662496,0.4987805006678334
Honeywell,HON,216.74,168.37180267232472,-0.2231623019639904,0.08839606632560042,0.21895791969485134
Idexx Laboratories,IDXX,636.71,162.04703964091502,-0.7454931764211101,0.16426196068017196,0.35390446368019335
Intel,INTC,25.31,-22.607032150941837,-1.893205537374233,-0.051021102401603353,0.4390758411453308
Intuit,INTU,700.939,630.9297520851682,-0.09987923045348,0.21502750391233205,0.34472134546317557
Intuitive Surgical,ISRG,479.2,117.4238948209496,-0.7549584832617913,0.20116284095211304,0.3297194567934064
Keurig Dr Pepper,KDP,35.18,74.97849400070989,1.1312818078655456,0.05771879574878572,0.19166595085581656
KLA Corporation,KLAC,876.08,531.4374923575325,-0.3933915939668381,0.3830822096797567,0.42289574127197915
Kraft Heinz,KHC,27.67,,,-0.021368798649132815,0.22362717943494587
Lam Research,LRCX,100.33,57.14608410240748,-0.4304187770117863,0.3070879717859373,0.44678269025293194
Linde plc,LIN,479.92,304.34133922689364,-0.3658498515859025,0.16032126920353892,0.2173678736127876
Lululemon,LULU,197.66,557.7692049994067,1.8218618081524167,-0.04274499266705076,0.403353842355673
Marriott International,MAR,266.78,295.7827849408448,0.1087142399761782,0.25189338533360817,0.30839965403483094
Marvell Technology,MRVL,72.07,29.09757540107156,-0.596259533771728,0.3122894979274956,0.569918828106036
Mercado Libre,MELI,2342.94,1483.1615571899176,-0.3669656255858377,0.2626842929938091,0.5079265367716332
Meta Platforms,META,751.48,594.4050706174064,-0.20902077152099,0.30462260656842977,0.4397812272731194
Microchip Technology,MCHP,64.71,25.55414625359997,-0.6050974153361154,0.13584726540650716,0.4330811007998231
Micron Technology,MU,122.05,-24.76642488848746,-1.2029203186275088,0.3116948017227012,0.4659667902169776
Microsoft,MSFT,509.77,375.2530934412712,-0.2638776439545849,0.2090152928287676,0.2656617515366712
MicroStrategy,MSTR,336.57,-48.43449012032653,-1.1439061417248315,1.0894356987837661,0.9554312472319451
Mondelez International,MDLZ,62.66,136.1427601696129,1.1727219944081215,0.036598364733969824,0.1873512163198073
Monster Beverage,MNST,63.99,97.49201057961054,0.5235507201064311,0.1177596429677432,0.24001400355769215
"Netflix, Inc.",NFLX,1214.15,160.408823422418,-0.8678838500824297,0.28246389441955666,0.4412778703017824
Nvidia,NVDA,175.64,146.43501530013742,-0.1662775261891514,0.6660228822494193,0.5272317346403914
NXP Semiconductors,NXPI,229.27,221.51235322284808,-0.0338362924811441,0.20609821190776456,0.39827874397276963
O'Reilly Automotive,ORLY,103.06,161.52902978571362,0.5673299998613779,0.27044737949910685,0.22319513318091883
Old Dominion Freight Line,ODFL,154.8,96.68683468675998,-0.3754080446591733,0.14466700565783394,0.34625307633386165
Onsemi,ON,49.77,49.38051384651029,-0.0078257213881799,0.30767380624210766,0.5189189122323938
Paccar,PCAR,99.46,139.96476180536155,0.4072467505063499,0.1390744718732938,0.25842721086718146
Palantir Technologies,PLTR,157.75,3.9013816291195456,-0.9752685792131884,0.8297517429142247,0.7234395014598759
Palo Alto Networks,PANW,181.56,212.0039577688236,0.1676798731484006,0.3687531936964179,0.4091011699158386
Paychex,PAYX,139.01,154.67492377277375,0.1126891861936103,0.15329331692457948,0.22993685764180016
PayPal,PYPL,69.05,110.8555015409491,0.6054381106582059,-0.1218246933693609,0.42398005593456656
PDD Holdings,PDD,119.07,,,0.3251788822848087,0.7277111626508104
PepsiCo,PEP,152.16,248.04432915857024,0.6301546343228854,0.03588158388570854,0.1782682948435995
Qualcomm,QCOM,156.25,222.7594322626282,0.4256603664808205,0.13840665105233257,0.38583908810222867
Regeneron Pharmaceuticals,REGN,571.78,,,0.04046238443219821,0.3002988129718559
Roper Technologies,ROP,532.59,590.4776864462622,0.1086909000286564,0.06706123698607161,0.2094073057703213
Ross Stores,ROST,147.88,171.95947867101336,0.1628312055113157,0.15436263631934585,0.3158096207081292
Shopify,SHOP,139.25,15.324528947455711,-0.8899495228189895,0.2718961672957394,0.6553582416498566
Starbucks,SBUX,90.93,83.67200849307703,-0.0798195480800942,0.07767629929547375,0.3106835231070505
Synopsys,SNPS,612.79,342.0119179137242,-0.4418774491853258,0.27113372820688586,0.35425853940968005
T-Mobile US,TMUS,258.22,-38.43371677191287,-1.148840975803241,0.19208689739394674,0.24020660865989155
Take-Two Interactive,TTWO,228.36,17.943451647213568,-0.9214247169065792,0.10876521984826938,0.324978591020031
"Tesla, Inc.",TSLA,329.31,54.34456737880275,-0.8349744393465041,0.3714812995327353,0.6307038937745586
Texas Instruments,TXN,195.94,83.81275712144384,-0.5722529492628159,0.11801858421675945,0.30347648304862246
Thomson Reuters,TRI,174.96,104.4642753766047,-0.4029248092329407,0.17882072563002416,0.204821293057167
Trade Desk (The),TTD,52.53,57.391528588768,0.0925476601707215,0.2721526473581902,0.6976640837963974
Verisk Analytics,VRSK,271.01,149.23796124226533,-0.4493267361268391,0.10196083970687576,0.22764737470164778
Vertex Pharmaceuticals,VRTX,390.76,613.1933649523746,0.5692326874612925,0.12206245934072833,0.30127104097222057
Warner Bros. Discovery,WBD,11.56,,,0.02085392843788834,0.5447356262874722
"Workday, Inc.",WDAY,229.79,201.61127780993152,-0.1226281482661059,0.10572649337563876,0.3816030514139679
Xcel Energy,XEL,73.22,,,0.03222146666451902,0.21041763800779276
