Date,Open,High,Low,Close,Volume,Daily_Return
2020-08-24,24.86,25.06,24.79,25.04,7807855,
2020-08-25,25.2,25.31,24.94,25.28,7600600,0.009584664536741228
2020-08-26,25.16,25.26,24.99,25.14,8460434,-0.005537974683544333
2020-08-27,25.33,25.58,25.09,25.4,7626067,0.0103420843277644
2020-08-28,25.32,25.73,25.26,25.69,7963651,0.011417322834645693
2020-08-31,25.73,25.85,25.38,25.49,9646554,-0.007785130400934315
2020-09-01,25.4,26.02,25.25,26.01,9957603,0.020400156924284207
2020-09-02,25.98,26.22,25.72,25.89,24348312,-0.0046136101499423265
2020-09-03,26.11,26.14,25.03,25.22,14156150,-0.02587871765160299
2020-09-04,25.41,25.66,24.8,25.17,12536802,-0.0019825535289451635
2020-09-08,25.12,25.52,24.71,25.09,12302484,-0.0031783869686135002
2020-09-09,25.24,25.96,25.23,25.55,10990051,0.018333997608608987
2020-09-10,25.45,25.67,25.09,25.27,11175299,-0.010958904109589107
2020-09-11,25.42,25.81,25.35,25.72,8678231,0.017807677087455343
2020-09-14,25.95,26.46,25.75,26.32,10494574,0.023328149300155587
2020-09-15,26.58,27.03,26.42,26.76,14988719,0.016717325227963542
2020-09-16,27.07,27.13,26.38,26.45,14956500,-0.01158445440956657
2020-09-17,26.0,26.67,25.79,26.5,13855918,0.001890359168241984
2020-09-18,26.58,26.86,26.42,26.61,20217419,0.0041509433962263476
2020-09-21,26.1,26.25,25.44,25.86,13075582,-0.028184892897407
2020-09-22,25.88,26.09,25.71,25.98,10902900,0.0046403712296985145
2020-09-23,26.22,26.33,25.36,25.5,13460917,-0.018475750577367167
2020-09-24,25.36,25.85,25.13,25.53,12737631,0.0011764705882353343
2020-09-25,25.75,26.11,25.55,26.03,10377667,0.019584802193497897
2020-09-28,26.39,26.57,26.17,26.44,8690700,0.015751056473300107
2020-09-29,26.32,26.49,25.86,25.87,11483951,-0.02155824508320725
2020-09-30,26.13,26.41,25.79,25.89,14632886,0.0007730962504832739
2020-10-01,26.12,26.12,25.42,25.62,12747663,-0.010428736964078755
2020-10-02,25.59,25.96,25.44,25.72,10648288,0.0039032006245121043
2020-10-05,25.83,26.1,25.77,25.91,8595900,0.0073872472783826915
2020-10-06,25.99,26.13,25.49,25.57,9891600,-0.013122346584330313
2020-10-07,25.7,26.38,25.68,26.23,10489405,0.025811497849041798
2020-10-08,26.31,26.4,25.73,25.9,10333858,-0.012581014105985555
2020-10-09,25.99,26.31,25.99,26.16,6372000,0.010038610038610063
2020-10-12,26.31,26.74,26.14,26.52,14096621,0.013761467889908285
2020-10-13,26.84,27.0,26.32,26.4,12970443,-0.004524886877828038
2020-10-14,26.49,27.08,26.49,26.82,12395565,0.015909090909090873
2020-10-15,26.52,27.05,26.42,27.01,8218826,0.0070842654735272514
2020-10-16,26.98,27.11,26.69,26.7,15870993,-0.01147723065531292
2020-10-19,26.6,26.95,26.27,26.35,9325884,-0.013108614232209659
2020-10-20,26.43,27.07,26.39,26.71,8415074,0.01366223908918407
2020-10-21,26.4,26.69,26.21,26.24,14052900,-0.017596405840509255
2020-10-22,27.39,28.27,27.0,27.24,21459051,0.038109756097560954
2020-10-23,27.23,27.53,26.79,27.1,9535500,-0.0051395007342143195
2020-10-26,26.78,26.8,26.11,26.29,9995400,-0.02988929889298897
2020-10-27,26.33,26.49,25.87,26.03,16386300,-0.009889691898059993
2020-10-28,25.49,25.85,25.25,25.31,18601905,-0.02766039185555136
2020-10-29,25.22,26.31,25.13,25.96,16518600,0.025681548794942888
2020-10-30,25.88,26.34,25.83,26.31,17652368,0.013482280431432958
2020-11-02,26.77,27.37,26.42,27.25,17485500,0.03572786012922857
2020-11-03,27.54,28.26,27.41,28.07,16795327,0.03009174311926599
2020-11-04,28.49,29.18,28.19,28.28,19347400,0.007481296758104827
2020-11-05,28.5,29.3,28.33,29.01,18312000,0.0258132956152759
2020-11-06,29.06,29.23,28.54,28.73,8671800,-0.009651844191658099
2020-11-09,30.12,31.23,29.34,29.4,17890586,0.02332057083188288
2020-11-10,29.25,30.63,29.06,30.47,21492177,0.03639455782312928
2020-11-11,30.53,30.63,29.77,30.01,13179037,-0.015096816540859814
2020-11-12,29.83,30.18,29.64,29.91,12211857,-0.003332222592469236
2020-11-13,30.04,30.55,29.91,30.2,10227817,0.0096957539284519
2020-11-16,30.74,31.03,30.43,31.0,10768504,0.026490066225165476
2020-11-17,30.61,30.97,30.48,30.83,7368460,-0.005483870967741944
2020-11-18,30.95,31.21,30.43,30.44,7898700,-0.012650016217969462
2020-11-19,30.28,30.62,30.06,30.57,8326898,0.004270696452036704
2020-11-20,30.51,30.76,30.31,30.51,6396300,-0.001962708537782132
2020-11-23,30.65,30.89,30.42,30.69,9232800,0.005899705014749346
2020-11-24,31.15,31.15,30.74,30.97,23318480,0.00912349299446058
2020-11-25,31.0,31.04,30.52,30.75,7125673,-0.00710364869228286
2020-11-27,30.83,30.91,30.38,30.43,4140724,-0.010406504065040623
2020-11-30,30.36,30.61,29.99,30.02,19928476,-0.013473545842918155
2020-12-01,30.31,30.69,30.12,30.21,14906700,0.006329113924050667
2020-12-02,30.01,30.45,30.01,30.23,15218748,0.0006620324395896215
2020-12-03,30.33,30.53,29.99,30.14,15363000,-0.002977174991730114
2020-12-04,30.21,30.66,30.15,30.62,14024555,0.015925680159256883
2020-12-07,30.48,30.77,30.37,30.68,13370086,0.0019595035924231397
2020-12-08,30.38,30.7,30.33,30.5,11121374,-0.005867014341590648
2020-12-09,30.56,30.76,30.4,30.58,8512500,0.0026229508196720097
2020-12-10,29.85,30.18,29.85,30.0,13001572,-0.018966644865925364
2020-12-11,29.74,30.23,29.67,30.14,10037953,0.004666666666666597
2020-12-14,30.4,30.44,29.63,29.64,7836997,-0.016589250165892522
2020-12-15,29.96,30.17,29.61,30.07,11945100,0.014507422402159298
2020-12-16,30.02,30.12,29.66,29.7,9122637,-0.01230462254738951
2020-12-17,29.78,30.32,29.78,30.18,8842307,0.016161616161616266
2020-12-18,30.16,30.33,29.82,30.22,16911715,0.001325381047051044
2020-12-21,29.59,30.12,29.52,29.9,8289300,-0.010589013898080757
2020-12-22,29.75,30.06,29.7,29.85,14629253,-0.0016722408026754731
2020-12-23,29.96,30.17,29.74,29.89,12082011,0.0013400335008375563
2020-12-24,29.93,30.07,29.72,30.02,2629200,0.004349280695884916
2020-12-28,30.19,30.42,30.12,30.21,5016317,0.006329113924050667
2020-12-29,30.32,30.41,29.56,29.78,8220600,-0.014233697451175087
2020-12-30,29.9,30.16,29.83,30.11,5935001,0.011081262592343766
2020-12-31,29.99,30.3,29.89,30.25,9063663,0.004649618067087413
2021-01-04,30.22,30.34,29.13,29.33,15560838,-0.030413223140495882
2021-01-05,29.29,30.03,29.27,29.83,10363909,0.017047391749062335
2021-01-06,29.76,30.68,29.75,30.62,13464169,0.026483405967147267
2021-01-07,30.9,31.49,30.69,31.34,11685600,0.023514043109079008
2021-01-08,31.29,32.09,31.29,31.95,12530700,0.019463943841735887
2021-01-11,31.81,32.51,31.71,32.0,12277107,0.0015649452269170805
2021-01-12,31.71,32.15,31.58,31.96,9510900,-0.0012499999999999734
2021-01-13,31.92,31.99,31.35,31.55,15406872,-0.012828535669586971
2021-01-14,31.57,31.62,31.09,31.16,9858624,-0.012361331220285265
2021-01-15,31.06,31.28,30.63,31.14,12513465,-0.0006418485237483784
2021-01-19,31.24,31.45,30.85,30.89,9317118,-0.008028259473346178
2021-01-20,31.0,31.11,30.7,31.07,13134034,0.00582712852055689
2021-01-21,30.86,30.93,30.4,30.54,12921939,-0.017058255551979484
2021-01-22,29.82,30.16,29.18,29.21,19846204,-0.04354944335297961
2021-01-25,29.24,29.36,28.63,29.29,15135636,0.002738788086271704
2021-01-26,29.32,29.58,28.87,28.94,11301653,-0.011949470809149765
2021-01-27,28.45,28.64,27.7,27.96,20651279,-0.03386316516931587
2021-01-28,28.46,29.27,28.14,28.9,15337533,0.03361945636623731
2021-01-29,28.67,29.17,28.51,28.58,16789036,-0.01107266435986165
2021-02-01,28.72,29.19,28.72,29.02,12804444,0.015395381385584272
2021-02-02,29.19,30.05,29.05,29.88,11835638,0.02963473466574773
2021-02-03,29.85,30.01,29.69,29.77,9593121,-0.003681392235609038
2021-02-04,29.78,29.93,29.29,29.47,12042087,-0.010077258985556004
2021-02-05,29.81,29.84,29.5,29.52,9338355,0.0016966406515099841
2021-02-08,29.42,29.51,28.99,29.09,15169590,-0.014566395663956677
2021-02-09,28.94,29.57,28.67,29.49,11108100,0.013750429700928102
2021-02-10,29.72,29.8,29.21,29.39,9537069,-0.003390979993217913
2021-02-11,29.65,29.72,29.22,29.58,11757300,0.006464783940115515
2021-02-12,29.53,30.14,29.53,30.05,10036561,0.015889114266396387
2021-02-16,30.14,30.37,30.03,30.25,14850218,0.006655574043261225
2021-02-17,30.1,30.23,29.7,30.0,9963387,-0.008264462809917328
2021-02-18,29.77,30.16,29.53,30.01,10865887,0.0003333333333332966
2021-02-19,30.07,30.78,30.03,30.7,9882933,0.022992335888037285
2021-02-22,30.53,31.19,30.44,30.86,13260979,0.005211726384364734
2021-02-23,30.91,31.24,30.34,30.56,11358404,-0.009721322099805585
2021-02-24,30.36,31.3,30.32,31.12,8136794,0.01832460732984309
2021-02-25,31.11,31.11,30.58,30.73,13516525,-0.012532133676092516
2021-02-26,30.85,30.97,30.36,30.52,11532600,-0.006833712984054663
2021-03-01,31.0,31.18,30.82,30.98,7704781,0.015072083879423381
2021-03-02,30.98,31.01,30.53,30.72,6810153,-0.008392511297611427
2021-03-03,30.69,30.74,30.35,30.36,7253700,-0.01171875
2021-03-04,30.36,30.49,29.05,29.42,12982200,-0.030961791831356944
2021-03-05,29.85,30.62,29.31,30.54,9233130,0.03806934058463618
2021-03-08,30.6,31.48,30.53,30.84,10493134,0.00982318271119853
2021-03-09,31.11,31.35,30.89,30.91,8565767,0.0022697795071335847
2021-03-10,31.0,31.39,30.83,31.2,7677000,0.0093820769977353
2021-03-11,31.37,31.63,31.22,31.27,11390807,0.0022435897435897356
2021-03-12,31.19,31.43,31.16,31.28,6711327,0.0003197953309881374
2021-03-15,31.22,31.33,30.75,31.16,8145047,-0.0038363171355498826
2021-03-16,31.26,31.29,30.48,30.65,9074100,-0.01636713735558415
2021-03-17,30.6,30.9,30.34,30.71,11624924,0.001957585644372095
2021-03-18,30.49,31.06,30.47,30.84,12426900,0.004233148811461973
2021-03-19,30.95,31.0,30.16,30.26,32357882,-0.018806744487678273
2021-03-22,31.6,31.73,31.08,31.26,20960804,0.03304692663582287
2021-03-23,31.16,31.63,30.87,30.97,10693186,-0.009277031349968046
2021-03-24,31.06,31.76,31.01,31.39,12278175,0.013561511139812854
2021-03-25,31.32,31.94,31.01,31.85,9774663,0.014654348518636562
2021-03-26,31.91,32.58,31.8,32.55,9407100,0.0219780219780219
2021-03-29,32.64,32.69,32.01,32.2,13755931,-0.01075268817204289
2021-03-30,32.0,32.43,31.99,32.12,10415620,-0.002484472049689601
2021-03-31,31.89,32.36,31.89,32.14,10265758,0.0006226650062266526
2021-04-01,32.36,32.45,32.12,32.42,8038886,0.00871188550093338
2021-04-05,32.71,32.95,32.55,32.86,7239091,0.013571869216532972
2021-04-06,32.77,32.84,32.36,32.37,9061200,-0.014911746804625703
2021-04-07,32.53,32.54,32.16,32.32,6040962,-0.0015446400988569087
2021-04-08,32.4,32.4,32.11,32.16,7561927,-0.004950495049505066
2021-04-09,32.28,32.83,32.22,32.76,6457200,0.018656716417910557
2021-04-12,32.55,32.93,32.37,32.87,6730506,0.003357753357753346
2021-04-13,32.69,32.82,32.4,32.6,6452811,-0.008214177061149908
2021-04-14,32.67,32.86,32.55,32.79,9633600,0.005828220858895561
2021-04-15,32.9,33.11,32.77,32.96,8825720,0.005184507471790223
2021-04-16,33.22,33.25,32.73,32.88,11430764,-0.0024271844660194164
2021-04-19,32.8,32.95,32.66,32.9,8116800,0.00060827250608253
2021-04-20,33.39,33.78,32.69,32.82,15406800,-0.002431610942249196
2021-04-21,32.98,34.45,32.92,34.23,21643590,0.042961608775136995
2021-04-22,33.91,34.58,33.77,33.94,15464526,-0.008472100496640378
2021-04-23,33.93,34.54,33.82,34.37,9547500,0.012669416617560492
2021-04-26,34.34,34.55,34.07,34.11,9794136,-0.00756473668897284
2021-04-27,34.03,34.1,33.8,33.97,10035763,-0.004104368220463228
2021-04-28,33.86,34.16,33.78,33.83,12767838,-0.004121283485428284
2021-04-29,34.0,34.0,33.3,33.73,13470388,-0.0029559562518475246
2021-04-30,33.69,33.92,33.51,33.58,13802899,-0.0044470797509634785
2021-05-03,33.85,34.03,33.75,33.79,7163400,0.0062537224538417036
2021-05-04,33.69,34.01,33.63,33.88,12131529,0.0026635099141758545
2021-05-05,33.98,34.12,33.67,33.73,8782004,-0.004427390791027275
2021-05-06,33.94,34.2,33.85,34.19,8334809,0.013637711236288208
2021-05-07,34.11,34.51,33.95,34.38,7383190,0.005557180462123501
2021-05-10,34.54,34.96,34.37,34.39,10261051,0.00029086678301326607
2021-05-11,34.28,34.29,33.77,33.85,13913137,-0.015702239022971742
2021-05-12,33.65,33.83,33.16,33.21,11357444,-0.01890694239290991
2021-05-13,33.17,33.75,33.09,33.58,15173469,0.01114122252333627
2021-05-14,33.85,34.17,33.74,33.9,10779600,0.009529481834425368
2021-05-17,33.94,34.11,33.28,33.47,16106620,-0.012684365781710949
2021-05-18,33.43,33.5,32.95,32.97,11467670,-0.014938751120406324
2021-05-19,32.62,32.86,32.36,32.79,11724600,-0.005459508644222066
2021-05-20,32.69,32.93,32.48,32.76,10016848,-0.0009149130832570851
2021-05-21,32.85,33.19,32.61,32.76,12012633,0.0
2021-05-24,33.07,33.2,32.86,33.12,8430900,0.01098901098901095
2021-05-25,33.12,33.46,32.95,33.02,8172107,-0.003019323671497376
2021-05-26,33.04,33.54,33.02,33.48,13306054,0.013930950938824793
2021-05-27,33.52,33.71,33.27,33.29,12264000,-0.005675029868578152
2021-05-28,33.37,33.47,33.25,33.37,6052629,0.0024031240612796267
2021-06-01,33.52,33.72,33.4,33.43,9130377,0.0017980221756068726
2021-06-02,33.49,33.58,33.16,33.19,7934533,-0.007179180376907013
2021-06-03,32.93,33.51,32.85,33.23,9493503,0.001205182283820383
2021-06-04,33.5,33.5,32.98,33.21,7880737,-0.0006018657839300667
2021-06-07,33.26,33.37,32.68,32.69,9384900,-0.015657934357121484
2021-06-08,32.69,32.89,32.36,32.72,14946080,0.0009177118384826599
2021-06-09,32.71,32.82,32.51,32.61,8712600,-0.0033618581907089995
2021-06-10,32.68,32.79,32.21,32.22,11526965,-0.011959521619135272
2021-06-11,32.42,32.49,32.27,32.41,8883380,0.005896958410924746
2021-06-14,32.46,32.57,32.19,32.43,8617115,0.000617093489663878
2021-06-15,32.68,32.87,32.47,32.8,12713784,0.011409189022509869
2021-06-16,32.83,32.85,32.3,32.41,11285195,-0.01189024390243909
2021-06-17,32.41,32.49,31.88,32.08,10155889,-0.010182042579450767
2021-06-18,31.81,31.89,31.51,31.58,19734600,-0.01558603491271826
2021-06-21,31.77,32.12,31.73,31.94,10646400,0.011399620012666256
2021-06-22,31.91,32.0,31.72,31.76,8943600,-0.005635566687539173
2021-06-23,31.68,31.77,31.5,31.55,10493400,-0.006612090680100824
2021-06-24,31.63,31.77,31.43,31.72,12421731,0.005388272583201292
2021-06-25,31.75,32.14,31.75,31.97,10498606,0.007881462799495642
2021-06-28,31.95,32.08,31.64,31.77,13197751,-0.0062558648733187505
2021-06-29,32.32,32.43,31.36,31.56,18270800,-0.006610009442870712
2021-06-30,31.95,32.13,31.57,32.08,15063400,0.016476552598225558
2021-07-01,32.21,32.45,32.07,32.28,10988318,0.006234413965087393
2021-07-02,32.38,32.8,32.23,32.58,11422699,0.009293680297397744
2021-07-06,32.47,32.56,31.97,32.4,10507456,-0.0055248618784530246
2021-07-07,32.3,33.04,32.29,32.98,12646700,0.01790123456790127
2021-07-08,32.1,32.2,30.84,30.95,24349200,-0.06155245603395987
2021-07-09,31.62,31.95,31.59,31.83,15171263,0.028432956381259977
2021-07-12,31.86,32.0,31.52,31.74,8437942,-0.002827521206409056
2021-07-13,31.58,31.92,31.58,31.7,8716600,-0.001260239445494582
2021-07-14,31.82,31.96,31.57,31.64,11147211,-0.0018927444794952786
2021-07-15,31.45,31.96,31.45,31.81,12351026,0.00537294563843238
2021-07-16,31.76,31.97,31.41,31.51,13642514,-0.009430996541967884
2021-07-19,31.13,31.17,30.64,30.82,13505341,-0.021897810218978186
2021-07-20,30.88,31.43,30.86,31.18,11295902,0.011680726800778807
2021-07-21,31.24,31.72,31.24,31.57,11236600,0.012508017960231044
2021-07-22,32.78,33.27,32.59,32.67,14926800,0.03484320557491283
2021-07-23,32.39,32.86,32.38,32.81,10395000,0.00428527701254966
2021-07-26,32.8,32.99,32.51,32.89,10950026,0.0024382810118865894
2021-07-27,32.73,33.01,32.32,32.38,9081300,-0.015506232897537164
2021-07-28,32.25,32.46,31.85,31.91,10612202,-0.014515132798023522
2021-07-29,32.08,32.29,32.03,32.09,6283029,0.005640864932623169
2021-07-30,32.03,32.35,32.03,32.32,7802748,0.00716734185104384
2021-08-02,32.45,32.63,31.97,32.09,6722776,-0.007116336633663289
2021-08-03,32.21,32.54,32.03,32.43,5371700,0.010595200997195242
2021-08-04,32.25,32.39,31.7,31.92,8051036,-0.015726179463459666
2021-08-05,32.02,32.33,31.96,32.15,6037420,0.007205513784461104
2021-08-06,32.2,32.47,32.14,32.3,5975831,0.004665629860031162
2021-08-09,32.28,32.48,32.16,32.39,6174900,0.0027863777089784936
2021-08-10,32.55,33.2,32.44,32.95,10382804,0.01728928681691877
2021-08-11,33.01,33.99,33.0,33.98,15003924,0.031259484066767707
2021-08-12,34.0,34.17,33.61,34.13,8370357,0.004414361389052601
2021-08-13,34.17,34.28,33.69,33.87,5625484,-0.00761793143861722
2021-08-16,33.8,33.89,33.46,33.87,6929038,0.0
2021-08-17,33.84,33.85,33.26,33.74,6734600,-0.0038382049010923236
2021-08-18,33.67,34.21,33.63,33.76,8526304,0.0005927682276227753
2021-08-19,33.68,33.92,33.39,33.59,7632400,-0.005035545023696519
2021-08-20,33.74,33.86,33.59,33.73,6301587,0.0041679071152127545
2021-08-23,33.78,34.33,33.77,33.87,7973329,0.004150607767565928
2021-08-24,33.99,34.01,33.32,33.37,8914403,-0.014762326542663073
2021-08-25,33.41,33.56,33.27,33.46,7536686,0.00269703326341042
2021-08-26,33.46,33.66,33.1,33.28,6249232,-0.005379557680812885
2021-08-27,33.31,33.55,33.28,33.45,6921400,0.005108173076923128
2021-08-30,33.28,33.36,33.03,33.1,5398500,-0.010463378176382654
2021-08-31,33.1,33.22,32.34,32.53,14636677,-0.017220543806646504
2021-09-01,32.58,32.84,32.23,32.54,12680900,0.00030740854595756595
2021-09-02,32.62,32.77,32.42,32.58,11128200,0.0012292562999385304
2021-09-03,32.43,32.55,31.94,32.0,9727989,-0.017802332719459746
2021-09-07,31.88,32.0,31.47,31.51,11167364,-0.015312499999999951
2021-09-08,31.45,31.76,31.27,31.69,10216536,0.0057124722310377685
2021-09-09,31.7,31.72,31.22,31.35,8042958,-0.010728936573051406
2021-09-10,31.3,31.58,30.92,30.95,9316200,-0.012759170653907526
2021-09-13,31.23,31.27,30.66,30.9,12954000,-0.001615508885298933
2021-09-14,30.96,30.96,30.43,30.5,9952200,-0.012944983818770184
2021-09-15,30.68,31.01,30.53,30.85,11871443,0.011475409836065653
2021-09-16,30.99,31.06,30.74,30.91,12604115,0.0019448946515396859
2021-09-17,30.83,31.0,30.2,30.31,24017613,-0.019411193788418046
2021-09-20,29.9,29.99,29.49,29.77,15750231,-0.01781590234246122
2021-09-21,30.1,30.34,29.62,29.71,10219100,-0.0020154517971111563
2021-09-22,29.87,30.16,29.81,29.86,8814953,0.005048805116122379
2021-09-23,29.87,30.41,29.87,30.21,9476415,0.011721366376423292
2021-09-24,30.11,30.69,30.06,30.42,10131221,0.006951340615690249
2021-09-27,30.34,30.82,30.25,30.56,10214114,0.00460223537146609
2021-09-28,30.54,30.66,30.18,30.5,16501300,-0.0019633507853402676
2021-09-29,30.41,30.62,30.24,30.36,11565926,-0.004590163934426239
2021-09-30,30.47,30.55,29.72,29.74,10401130,-0.020421607378129147
2021-10-01,29.78,30.56,29.78,30.34,12352201,0.02017484868863484
2021-10-04,30.38,30.84,30.28,30.51,16652421,0.005603164139749595
2021-10-05,30.43,31.66,30.43,31.43,16226362,0.03015404785316278
2021-10-06,31.17,32.59,31.16,32.54,17573800,0.03531657651924913
2021-10-07,32.8,32.85,32.12,32.18,11944500,-0.011063306699446773
2021-10-08,32.19,32.8,32.1,32.71,9871586,0.01646985705407089
2021-10-11,32.71,32.99,32.49,32.5,8718300,-0.006420055029043081
2021-10-12,32.57,32.57,32.05,32.13,7468883,-0.011384615384615326
2021-10-13,32.27,32.71,31.98,32.58,8349564,0.014005602240896309
2021-10-14,32.83,33.44,32.79,33.43,11005629,0.02608962553713945
2021-10-15,33.6,34.42,33.57,34.16,20535115,0.021836673646425275
2021-10-18,33.99,34.34,33.8,34.23,10913400,0.002049180327868827
2021-10-19,34.34,34.43,33.95,34.11,10274300,-0.0035056967572304476
2021-10-20,34.12,34.55,33.87,34.46,14134700,0.010260920551158126
2021-10-21,35.33,35.89,34.96,35.01,21688808,0.015960533952408484
2021-10-22,35.12,35.66,34.76,35.42,14922200,0.011710939731505388
2021-10-25,35.58,36.06,35.33,35.73,11664549,0.00875211744776938
2021-10-26,35.79,36.0,35.59,35.69,10596771,-0.0011195074167366093
2021-10-27,36.0,36.28,35.69,35.86,10844439,0.004763239002521846
2021-10-28,35.85,36.3,35.85,36.24,8995107,0.010596765197992353
2021-10-29,36.02,36.45,35.92,36.17,9951300,-0.0019315673289183044
2021-11-01,36.14,36.19,35.46,35.69,10976100,-0.013270666298037193
2021-11-02,35.76,35.83,35.41,35.69,12068100,0.0
2021-11-03,35.74,35.78,35.27,35.68,8398733,-0.00028019052956007595
2021-11-04,35.49,35.75,35.29,35.43,9697374,-0.007006726457399082
2021-11-05,35.75,35.93,35.39,35.41,9028090,-0.0005644933672029895
2021-11-08,35.67,35.76,35.3,35.47,10883300,0.0016944365998305955
2021-11-09,35.37,35.6,35.15,35.54,10849721,0.001973498731322243
2021-11-10,35.59,35.8,35.34,35.47,8923500,-0.0019696117051209994
2021-11-11,35.41,35.5,34.96,35.12,8109800,-0.009867493656611215
2021-11-12,35.23,35.53,35.06,35.23,7348349,0.003132118451025123
2021-11-15,35.3,35.45,35.16,35.19,13052573,-0.0011353959693443105
2021-11-16,35.35,35.56,35.1,35.15,9157700,-0.0011366865586813768
2021-11-17,35.12,35.62,34.94,35.54,11951500,0.011095305832147906
2021-11-18,35.36,36.43,35.36,36.21,17516593,0.018851997749015137
2021-11-19,36.17,36.31,35.8,36.08,10882535,-0.0035901684617509755
2021-11-22,36.18,36.52,36.03,36.05,10025685,-0.0008314855875831695
2021-11-23,36.01,36.57,35.89,36.48,16304978,0.011927877947295329
2021-11-24,36.3,36.52,36.1,36.25,16542400,-0.006304824561403466
2021-11-26,35.66,35.8,34.76,35.57,11401700,-0.01875862068965517
2021-11-29,35.98,36.24,35.58,35.62,13836423,0.0014056789429293115
2021-11-30,35.28,35.74,34.58,34.66,23366504,-0.02695115103874235
2021-12-01,35.27,35.62,34.42,34.44,15993900,-0.006347374495095148
2021-12-02,34.49,35.73,34.43,35.57,12215205,0.03281068524970965
2021-12-03,35.95,36.49,35.47,35.84,21822909,0.007590666291819037
2021-12-06,36.21,37.02,36.16,36.76,14666814,0.025669642857142794
2021-12-07,37.0,37.35,36.85,37.09,10565700,0.008977149075081847
2021-12-08,37.16,37.29,36.57,36.95,11080700,-0.003774602318684317
2021-12-09,36.81,37.05,36.55,36.61,10872800,-0.009201623815967563
2021-12-10,36.95,36.98,36.54,36.74,12150710,0.0035509423654740413
2021-12-13,36.78,36.92,35.97,36.01,14655240,-0.019869352204681667
2021-12-14,35.83,36.3,35.71,35.92,11096900,-0.002499305748403069
2021-12-15,36.28,36.53,35.89,36.47,11198433,0.015311804008908636
2021-12-16,36.37,36.9,36.37,36.57,11190482,0.002741979709350195
2021-12-17,36.48,36.55,35.63,35.72,29595686,-0.023243095433415406
2021-12-20,35.2,35.44,34.94,35.31,11861848,-0.011478163493840898
2021-12-21,35.61,36.1,35.55,35.95,9657165,0.01812517700368166
2021-12-22,35.96,36.1,35.82,36.08,6111500,0.003616133518775877
2021-12-23,36.3,36.94,36.13,36.79,11146120,0.019678492239467937
2021-12-27,36.86,37.27,36.83,37.19,6070317,0.010872519706441874
2021-12-28,37.16,37.6,37.16,37.42,5302000,0.006184458187684871
2021-12-29,37.42,37.76,37.32,37.58,5866602,0.00427578834847675
2021-12-30,37.41,37.67,37.2,37.32,6479637,-0.00691857370941984
2021-12-31,37.26,37.82,37.16,37.6,6413499,0.007502679528403
2022-01-03,37.46,37.74,36.85,37.08,8723007,-0.013829787234042601
2022-01-04,37.11,38.01,37.08,37.63,8151000,0.014832793959007606
2022-01-05,37.71,37.92,37.4,37.44,9791200,-0.005049162901940019
2022-01-06,37.48,37.87,37.27,37.71,10031400,0.007211538461538547
2022-01-07,37.58,37.78,37.33,37.51,9770255,-0.005303632988597262
2022-01-10,37.58,37.6,36.29,36.54,16150500,-0.025859770727805875
2022-01-11,36.55,36.6,35.47,36.3,15075367,-0.006568144499179085
2022-01-12,36.43,36.74,36.26,36.64,11545033,0.009366391184573164
2022-01-13,36.68,36.98,36.58,36.74,9293110,0.0027292576419213344
2022-01-14,36.43,36.74,36.21,36.44,13695700,-0.00816548720740351
2022-01-18,36.05,36.09,35.07,35.25,20631527,-0.032656421514818845
2022-01-19,35.33,35.56,34.96,35.25,17662400,0.0
2022-01-20,34.92,36.12,34.92,35.24,18196600,-0.00028368794326238955
2022-01-21,35.05,35.14,33.41,34.1,34378809,-0.032349602724177084
2022-01-24,34.44,34.5,33.39,34.36,29000316,0.007624633431084993
2022-01-25,33.65,34.01,33.15,33.72,19911900,-0.0186263096623982
2022-01-26,33.95,34.82,33.36,33.65,21782508,-0.0020759193357058336
2022-01-27,33.9,34.15,33.39,33.56,16046283,-0.0026745913818720934
2022-01-28,33.54,34.46,33.21,34.43,15047500,0.02592371871275323
2022-01-31,33.89,34.37,33.89,34.22,14354800,-0.006099331977926226
2022-02-01,34.24,34.77,34.22,34.72,12299613,0.014611338398597296
2022-02-02,34.72,35.28,34.62,35.21,10085600,0.014112903225806495
2022-02-03,34.87,35.29,34.54,34.61,13095617,-0.01704061346208463
2022-02-04,34.08,34.55,33.95,34.3,13627200,-0.008956948858711455
2022-02-07,34.42,34.53,33.5,33.65,12304880,-0.01895043731778423
2022-02-08,33.78,34.51,33.66,34.11,13581216,0.013670133729569045
2022-02-09,34.21,34.82,34.18,34.74,11173000,0.018469656992084582
2022-02-10,34.01,34.66,33.81,33.99,10937700,-0.021588946459412783
2022-02-11,33.92,34.19,33.1,33.37,12043647,-0.018240659017358163
2022-02-14,33.42,34.04,33.37,33.92,14018243,0.016481869943062666
2022-02-15,34.25,34.97,34.25,34.55,18213313,0.018573113207547065
2022-02-16,34.68,35.27,34.47,35.17,10911400,0.01794500723589021
2022-02-17,35.0,35.42,34.89,35.1,14982958,-0.0019903326698891277
2022-02-18,35.05,35.4,34.61,34.66,14074443,-0.012535612535612639
2022-02-22,34.84,35.1,34.07,34.24,20566800,-0.012117714945181657
2022-02-23,34.37,34.52,33.34,33.4,13017109,-0.02453271028037396
2022-02-24,33.17,33.65,32.72,33.6,13506002,0.005988023952095967
2022-02-25,33.67,34.5,33.56,34.31,11361602,0.021130952380952417
2022-02-28,33.7,34.08,33.47,33.91,18286700,-0.01165840862722256
2022-03-01,33.77,34.26,33.17,33.34,17105012,-0.01680920082571491
2022-03-02,33.5,34.75,33.36,34.61,15046002,0.038092381523695096
2022-03-03,34.7,35.9,34.7,35.29,20975000,0.019647500722334676
2022-03-04,35.04,37.48,34.92,37.43,30152574,0.06064040804760551
2022-03-07,37.21,38.63,36.96,37.01,25774000,-0.011220945765428869
2022-03-08,36.72,37.28,34.94,34.99,27806100,-0.054579843285598395
2022-03-09,35.69,35.73,34.27,34.61,21741832,-0.010860245784509948
2022-03-10,34.28,35.14,33.88,34.89,24267700,0.00809014735625535
2022-03-11,35.3,35.59,34.63,34.69,21957297,-0.005732301519060012
2022-03-14,34.79,35.02,34.02,34.23,14321457,-0.013260305563563057
2022-03-15,34.63,34.8,33.99,34.36,24581361,0.0037978381536665218
2022-03-16,34.65,35.62,34.45,35.61,23601100,0.03637951105937143
2022-03-17,36.05,36.33,35.34,36.3,17775200,0.019376579612468303
2022-03-18,36.26,36.35,35.92,36.31,23024125,0.00027548209366412557
2022-03-21,36.08,37.09,36.08,36.86,15313813,0.015147342329936642
2022-03-22,36.9,37.05,36.49,36.78,20471972,-0.0021703743895821193
2022-03-23,36.77,36.93,36.34,36.39,19368825,-0.010603588907014738
2022-03-24,36.57,37.04,36.35,36.68,11401926,0.007969222313822355
2022-03-25,36.72,36.94,36.45,36.92,8588795,0.0065430752453654595
2022-03-28,36.89,37.56,36.62,37.53,15776351,0.016522210184181985
2022-03-29,37.72,37.85,37.16,37.68,15244559,0.003996802557953538
2022-03-30,37.75,37.99,37.42,37.8,8796946,0.0031847133757960666
2022-03-31,37.83,38.06,37.44,37.45,16183718,-0.009259259259259078
2022-04-01,37.76,37.78,35.24,35.51,21039300,-0.05180240320427254
2022-04-04,35.42,35.67,34.84,35.61,11727152,0.0028161081385524867
2022-04-05,35.59,36.73,35.22,35.27,14895092,-0.009547879809042259
2022-04-06,34.96,35.28,34.46,34.67,14482431,-0.017011624610150267
2022-04-07,34.48,34.89,33.86,34.74,13719900,0.002019036631093263
2022-04-08,34.48,34.68,33.91,34.33,11181700,-0.011801957397812424
2022-04-11,34.12,34.84,34.04,34.24,11151400,-0.0026216137489075697
2022-04-12,34.37,34.89,34.19,34.41,13771918,0.004964953271027861
2022-04-13,34.43,35.0,34.43,34.89,8527010,0.01394943330427223
2022-04-14,34.9,35.19,34.86,35.06,12727143,0.004872456291201033
2022-04-18,34.7,35.19,34.59,34.75,10228000,-0.00884198516828305
2022-04-19,34.83,35.32,34.73,35.29,12754100,0.015539568345323662
2022-04-20,35.49,35.82,35.2,35.3,13958117,0.00028336639274573194
2022-04-21,37.4,38.17,36.0,36.3,17399019,0.028328611898017053
2022-04-22,36.05,36.27,34.5,34.52,21027926,-0.04903581267217616
2022-04-25,34.52,34.7,33.82,34.64,11718204,0.0034762456546928444
2022-04-26,34.68,34.7,34.09,34.11,10713442,-0.015300230946882265
2022-04-27,34.21,34.92,34.11,34.48,13241624,0.010847258868367016
2022-04-28,34.52,35.36,34.41,35.21,12859500,0.021171693735498875
2022-04-29,35.05,35.22,34.17,34.34,16045900,-0.024708889520022592
2022-05-02,34.44,34.64,33.65,34.29,13671200,-0.0014560279557368494
2022-05-03,34.35,34.83,34.1,34.53,12127292,0.006999125109361293
2022-05-04,34.58,35.55,34.4,35.5,14403202,0.028091514624963843
2022-05-05,35.09,35.31,34.32,34.65,14006900,-0.023943661971831065
2022-05-06,34.74,35.03,33.69,34.78,23166731,0.0037518037518038394
2022-05-09,34.48,34.55,33.48,33.62,17607465,-0.03335250143760793
2022-05-10,34.02,34.07,32.57,32.78,24685500,-0.024985127900059356
2022-05-11,32.72,33.78,32.72,33.17,16936600,0.011897498474679802
2022-05-12,33.05,33.38,32.36,33.0,20225431,-0.0051251130539644585
2022-05-13,33.12,33.88,33.08,33.43,11309505,0.013030303030302948
2022-05-16,33.18,33.63,32.99,33.26,17849217,-0.005085252766975801
2022-05-17,33.69,33.99,33.34,33.76,26286350,0.015033072760072264
2022-05-18,33.69,33.78,32.21,32.32,20443949,-0.04265402843601884
2022-05-19,31.42,31.78,30.62,30.94,33489229,-0.04269801980198018
2022-05-20,31.11,31.28,30.3,30.94,21816760,0.0
2022-05-23,31.15,31.36,30.83,31.23,17331041,0.009372979961215222
2022-05-24,30.98,31.11,30.58,30.91,18649213,-0.01024655779699013
2022-05-25,30.9,31.25,30.74,31.15,22264029,0.00776447751536713
2022-05-26,31.38,32.05,31.05,31.58,19762200,0.01380417335473516
2022-05-27,31.83,32.15,31.67,32.05,12497309,0.014882837238758606
2022-05-31,32.02,32.04,31.53,31.79,31840134,-0.008112324492979606
2022-06-01,31.99,32.23,31.79,32.0,15230054,0.006605850896508336
2022-06-02,32.06,32.63,31.78,32.59,13838441,0.018437500000000107
2022-06-03,32.39,32.5,32.06,32.11,17055914,-0.014728444308070077
2022-06-06,32.28,32.35,31.86,32.14,12707004,0.0009342883836811477
2022-06-07,31.65,32.63,31.4,32.56,11283085,0.013067828251400071
2022-06-08,32.27,32.42,31.67,31.81,14814900,-0.023034398034398107
2022-06-09,31.65,31.96,31.16,31.17,11128404,-0.020119459289531516
2022-06-10,30.75,30.84,30.12,30.3,13214800,-0.02791145332050049
2022-06-13,29.85,30.01,29.35,29.46,18695551,-0.027722772277227747
2022-06-14,29.82,30.15,29.11,29.34,14891451,-0.004073319755600879
2022-06-15,29.68,29.97,28.98,29.42,15411000,0.0027266530334015826
2022-06-16,28.93,29.38,28.76,29.05,16523784,-0.012576478585995976
2022-06-17,28.91,29.16,28.67,28.93,28779916,-0.004130808950086107
2022-06-21,29.29,29.39,28.96,28.99,17013937,0.0020739716557207633
2022-06-22,28.74,29.16,28.5,28.83,17127200,-0.0055191445325974975
2022-06-23,29.05,29.06,28.44,28.71,16883251,-0.004162330905306932
2022-06-24,28.83,29.69,28.82,29.57,24261775,0.029954719609891933
2022-06-27,29.59,29.64,29.06,29.32,16602440,-0.008454514710855565
2022-06-28,29.82,30.14,29.08,29.14,13123873,-0.0061391541609822076
2022-06-29,29.29,29.29,28.7,29.12,17330100,-0.0006863417982154729
2022-06-30,28.94,29.24,28.58,29.06,16745536,-0.002060439560439664
2022-07-01,29.09,29.54,28.83,29.34,13838800,0.009635237439779898
2022-07-05,28.99,28.99,28.1,28.51,23077641,-0.02828902522154053
2022-07-06,28.7,29.06,28.58,28.89,13716400,0.013328656611715228
2022-07-07,28.96,29.35,28.82,29.24,13955317,0.012114918656974671
2022-07-08,29.22,29.34,28.59,28.99,9779745,-0.008549931600547178
2022-07-11,28.75,29.17,28.69,28.85,11972045,-0.004829251466022644
2022-07-12,28.57,28.64,28.15,28.42,14560414,-0.014904679376083196
2022-07-13,28.06,28.5,27.96,28.23,22263630,-0.006685432793807178
2022-07-14,27.85,28.29,27.6,28.18,12467247,-0.0017711654268508514
2022-07-15,28.73,28.94,28.57,28.86,15870802,0.024130589070262554
2022-07-18,28.88,29.3,28.8,28.83,13425200,-0.0010395010395011228
2022-07-19,29.18,29.77,29.09,29.72,19617900,0.030870620881026767
2022-07-20,29.5,29.83,29.39,29.73,14328648,0.0003364737550470842
2022-07-21,30.27,31.25,30.07,30.99,26968700,0.04238143289606455
2022-07-22,30.83,31.63,30.81,30.89,21023680,-0.0032268473701193567
2022-07-25,30.95,31.42,30.82,31.35,10861249,0.014891550663645114
2022-07-26,31.26,31.5,31.12,31.16,12999710,-0.0060606060606061
2022-07-27,31.15,31.9,31.11,31.83,16271631,0.021501925545571288
2022-07-28,31.82,31.93,31.49,31.71,13342605,-0.0037700282752120007
2022-07-29,31.87,32.37,31.69,32.33,11526851,0.019552191737622016
2022-08-01,31.95,32.69,31.9,32.6,11749140,0.008351376430560054
2022-08-02,32.65,32.65,32.14,32.15,12985845,-0.013803680981595123
2022-08-03,32.21,32.6,32.12,32.5,9168233,0.010886469673405896
2022-08-04,32.75,33.07,32.55,32.83,10669346,0.01015384615384618
2022-08-05,32.54,33.15,32.54,33.11,11474121,0.008528784648187626
2022-08-08,33.4,33.43,32.79,32.82,14688840,-0.008758683177287785
2022-08-09,32.96,33.0,32.64,32.67,14140886,-0.004570383912248621
2022-08-10,33.21,34.18,33.16,34.06,16833184,0.04254667891031527
2022-08-11,34.14,34.71,34.11,34.16,14382263,0.0029359953024072905
2022-08-12,34.25,34.38,34.11,34.35,11881000,0.005562060889929832
2022-08-15,34.3,34.37,33.91,34.14,13192751,-0.006113537117903967
2022-08-16,34.0,34.53,33.98,34.44,12763169,0.00878734622144095
2022-08-17,34.2,34.67,33.93,34.48,12172237,0.0011614401858304202
2022-08-18,34.61,34.7,34.23,34.35,13585900,-0.003770301624129835
2022-08-19,34.09,34.19,33.78,33.83,12433900,-0.015138282387190727
2022-08-22,33.41,33.66,33.38,33.56,20808137,-0.007981081879988028
2022-08-23,33.55,33.85,33.41,33.63,12986500,0.002085816448152533
2022-08-24,33.53,33.9,33.48,33.62,13376144,-0.0002973535533751237
2022-08-25,33.9,34.03,33.67,33.98,6782800,0.010707911957168248
2022-08-26,33.92,34.08,32.58,32.63,13515234,-0.0397292525014713
2022-08-29,32.51,33.05,32.37,32.72,9410780,0.0027581979773214638
2022-08-30,32.54,32.62,31.53,31.67,15548207,-0.03209046454767717
2022-08-31,31.9,31.9,31.39,31.65,13664602,-0.000631512472371476
2022-09-01,31.51,31.72,31.22,31.61,10492982,-0.0012638230647709081
2022-09-02,31.95,31.97,31.06,31.24,10934083,-0.0117051565960139
2022-09-06,31.24,31.77,31.16,31.49,16149010,0.008002560819462268
2022-09-07,31.49,32.11,31.4,31.89,11452759,0.012702445220704961
2022-09-08,31.74,32.24,31.63,32.21,15374500,0.010034493571652536
2022-09-09,32.35,32.75,32.29,32.63,13841319,0.01303942874883579
2022-09-12,32.75,32.92,32.48,32.84,13870900,0.006435795280416823
2022-09-13,32.29,32.34,31.43,31.56,14156300,-0.03897685749086499
2022-09-14,31.18,31.33,30.42,31.23,23037149,-0.010456273764258506
2022-09-15,31.3,31.46,30.04,30.17,34773820,-0.0339417227025296
2022-09-16,29.4,29.8,28.9,29.49,48494400,-0.0225389459728208
2022-09-19,29.32,29.92,29.26,29.88,19382408,0.01322482197355046
2022-09-20,29.47,29.66,29.07,29.47,17563124,-0.013721552878179444
2022-09-21,29.71,30.0,29.14,29.14,12784547,-0.011197828299965962
2022-09-22,28.98,29.05,28.51,28.57,17156200,-0.01956074124914209
2022-09-23,28.54,28.59,27.48,27.68,23944254,-0.031151557577878908
2022-09-26,27.56,27.79,27.23,27.43,17252100,-0.009031791907514464
2022-09-27,27.45,27.74,26.9,27.22,18481505,-0.007655851257747037
2022-09-28,26.91,27.77,26.86,27.63,18306627,0.015062454077883869
2022-09-29,27.36,27.4,26.78,27.19,15427300,-0.015924719507781293
2022-09-30,27.16,27.26,26.61,26.64,24138744,-0.020228025009194628
2022-10-03,27.03,27.63,26.91,27.42,16035040,0.029279279279279313
2022-10-04,27.78,28.2,27.78,28.12,15531485,0.025528811086797942
2022-10-05,27.77,28.06,27.42,27.82,16028700,-0.01066856330014232
2022-10-06,27.79,27.89,27.33,27.36,15166338,-0.016534867002156783
2022-10-07,27.09,27.24,26.63,26.77,14487830,-0.021564327485380064
2022-10-10,26.93,27.24,26.57,26.59,16063100,-0.006723944714232322
2022-10-11,26.48,26.82,26.35,26.51,18070718,-0.00300864986837146
2022-10-12,26.57,27.18,26.5,26.65,13763199,0.005281026027913915
2022-10-13,26.16,27.76,25.8,27.5,18585948,0.031894934333958735
2022-10-14,27.85,27.9,27.19,27.31,15482479,-0.006909090909090976
2022-10-17,27.86,28.26,27.83,28.15,17761700,0.030757964115708525
2022-10-18,28.68,28.93,28.12,28.41,16408700,0.009236234458259274
2022-10-19,28.02,28.24,27.7,27.92,15446531,-0.017247448081661343
2022-10-20,27.32,27.85,26.79,27.08,20922912,-0.03008595988538698
2022-10-21,27.74,28.48,26.96,27.54,29374741,0.016986706056129952
2022-10-24,27.75,28.54,27.74,28.16,21072021,0.02251270878721856
2022-10-25,28.23,28.83,28.17,28.76,19664216,0.02130681818181812
2022-10-26,29.09,29.37,28.67,28.77,21083400,0.0003477051460361036
2022-10-27,28.93,29.34,28.77,28.81,14100600,0.0013903371567605127
2022-10-28,29.03,29.36,28.86,29.22,14182775,0.014231169732731752
2022-10-31,29.27,29.36,28.96,29.06,15539100,-0.005475701574264247
2022-11-01,29.33,29.44,28.9,29.07,16785183,0.0003441156228494169
2022-11-02,29.09,29.74,28.52,28.53,15289816,-0.018575851393188847
2022-11-03,28.25,29.23,28.13,29.0,19382034,0.016473887136347676
2022-11-04,29.21,29.77,29.21,29.63,13867712,0.02172413793103445
2022-11-07,29.81,30.02,29.67,29.96,9927500,0.011137360782990324
2022-11-08,29.97,30.12,29.45,29.98,14559100,0.0006675567423231055
2022-11-09,29.73,29.91,29.36,29.43,10546609,-0.018345563709139423
2022-11-10,30.51,31.3,30.24,31.22,18324717,0.060822290180088334
2022-11-11,31.77,32.06,31.35,31.94,14690845,0.023062139654068003
2022-11-14,31.67,32.41,31.54,31.8,12305100,-0.004383218534752653
2022-11-15,32.15,32.52,30.89,31.31,16846300,-0.015408805031446593
2022-11-16,31.24,31.43,31.04,31.24,10016308,-0.002235707441711976
2022-11-17,30.85,30.95,30.47,30.95,12225383,-0.009282970550576142
2022-11-18,31.13,31.24,30.52,30.88,15351505,-0.0022617124394184174
2022-11-21,30.75,31.34,30.42,31.29,19909428,0.013277202072538907
2022-11-22,31.52,32.2,31.5,31.92,15708210,0.020134228187919545
2022-11-23,31.92,32.19,31.81,32.07,9659038,0.0046992481203007586
2022-11-25,32.28,32.34,31.99,32.02,5838400,-0.001559089491736776
2022-11-28,31.91,32.04,31.57,31.7,16922900,-0.009993753903810187
2022-11-29,31.88,32.21,31.51,32.17,13413700,0.014826498422713108
2022-11-30,32.28,32.74,31.71,32.69,24182500,0.016164128069629857
2022-12-01,32.87,32.99,32.39,32.68,11298046,-0.0003059039461608126
2022-12-02,32.11,32.33,31.74,32.05,11178543,-0.019277845777233904
2022-12-05,31.81,31.83,31.28,31.35,18867500,-0.021840873634945246
2022-12-06,31.39,31.46,30.73,31.16,14309800,-0.0060606060606061
2022-12-07,31.16,31.41,30.86,30.91,14573942,-0.008023106546854897
2022-12-08,31.03,31.64,31.02,31.52,11740216,0.019734713684891547
2022-12-09,31.54,31.64,31.33,31.42,10533200,-0.0031725888324872775
2022-12-12,31.5,32.25,31.41,32.22,14105983,0.025461489497135448
2022-12-13,33.25,33.33,32.37,32.74,15518000,0.01613904407200506
2022-12-14,32.71,33.14,32.43,32.67,11698409,-0.002138057422113593
2022-12-15,32.27,32.27,31.45,31.77,14795056,-0.02754820936639124
2022-12-16,31.44,31.76,31.07,31.65,33977100,-0.0037771482530689626
2022-12-19,31.63,31.79,30.88,31.18,10633211,-0.01484992101105842
2022-12-20,31.08,31.21,30.54,30.73,17911210,-0.014432328415651008
2022-12-21,31.08,31.25,30.9,31.22,11474617,0.015945330296127436
2022-12-22,30.95,31.03,30.52,30.97,8422300,-0.008007687379884665
2022-12-23,31.04,31.32,30.86,31.25,6855073,0.009041007426541903
2022-12-27,31.31,31.36,31.05,31.24,10152300,-0.000320000000000098
2022-12-28,31.24,31.39,30.84,30.84,7626980,-0.012804097311139517
2022-12-29,31.06,31.36,30.98,31.24,5542900,0.012970168612191912
2022-12-30,31.02,31.12,30.73,30.98,7328800,-0.008322663252240625
2023-01-03,31.08,31.17,30.55,30.88,8329505,-0.0032278889606197625
2023-01-04,31.01,31.49,30.9,31.28,9543235,0.012953367875647714
2023-01-05,31.11,31.28,30.8,30.91,11660800,-0.011828644501278851
2023-01-06,31.11,32.36,31.1,32.2,10799358,0.04173406664509871
2023-01-09,32.19,32.63,32.06,32.14,14682604,-0.0018633540372671176
2023-01-10,31.89,32.41,31.89,32.4,11177046,0.008089607965152457
2023-01-11,32.59,32.63,32.04,32.45,10993500,0.0015432098765433278
2023-01-12,32.43,32.7,32.25,32.49,10568700,0.0012326656394452407
2023-01-13,32.26,32.48,32.08,32.42,7459801,-0.0021545090797168154
2023-01-17,32.57,32.87,32.24,32.6,13345600,0.005552128315854388
2023-01-18,32.57,33.04,32.22,32.23,11891733,-0.011349693251533899
2023-01-19,31.96,32.08,31.52,31.55,10024300,-0.02109835556934525
2023-01-20,31.5,32.03,31.26,32.01,24049100,0.014580031695720974
2023-01-23,32.1,32.49,31.77,32.05,9323419,0.0012496094970322336
2023-01-24,31.73,31.92,31.05,31.86,12999600,-0.005928237129485092
2023-01-25,31.47,31.52,30.26,31.05,22213500,-0.025423728813559254
2023-01-26,30.59,30.67,29.39,30.15,25564741,-0.02898550724637683
2023-01-27,30.14,30.73,29.89,30.08,19432562,-0.002321724709784423
2023-01-30,29.89,30.4,29.71,29.88,13657385,-0.0066489361702127825
2023-01-31,30.12,30.97,30.03,30.92,15414100,0.03480589022757696
2023-02-01,30.77,31.85,30.74,31.59,15597347,0.021668822768434515
2023-02-02,31.7,32.88,31.66,32.64,15828613,0.033238366571699984
2023-02-03,32.39,32.7,32.22,32.27,9577077,-0.011335784313725394
2023-02-06,32.09,32.46,31.96,32.05,9061718,-0.0068174775333128546
2023-02-07,31.82,32.41,31.68,32.29,10300631,0.007488299531981379
2023-02-08,32.21,32.42,31.87,31.95,8305218,-0.01052957572003721
2023-02-09,32.13,32.3,31.1,31.13,10854448,-0.025665101721439765
2023-02-10,31.04,31.66,30.87,31.57,10760919,0.014134275618374659
2023-02-13,31.27,32.06,31.27,31.63,18021546,0.001900538485904324
2023-02-14,31.5,31.68,30.85,31.44,13794222,-0.006006955422067639
2023-02-15,31.22,31.79,30.99,31.67,11797034,0.0073155216284988
2023-02-16,31.21,31.61,31.08,31.11,14411469,-0.01768234922639733
2023-02-17,31.01,31.4,30.8,31.21,12394328,0.0032144005143042165
2023-02-21,30.94,31.0,30.56,30.59,16186000,-0.019865427747516873
2023-02-22,30.66,30.87,29.76,29.99,18353800,-0.019614253023864103
2023-02-23,30.31,30.77,30.17,30.65,16513556,0.022007335778592818
2023-02-24,30.39,30.82,30.21,30.75,12648011,0.0032626427406199365
2023-02-27,31.32,31.79,30.64,30.77,18854631,0.0006504065040651152
2023-02-28,30.76,31.0,30.43,30.49,12607700,-0.009099772505687387
2023-03-01,30.39,30.97,30.35,30.86,10816421,0.012135126270908625
2023-03-02,30.68,31.34,30.45,31.28,9548100,0.013609850939727774
2023-03-03,31.39,31.44,31.0,31.15,14602649,-0.004156010230179086
2023-03-06,31.14,31.15,30.48,30.54,15042551,-0.019582664526484717
2023-03-07,30.61,30.61,29.67,29.69,19224387,-0.027832351015062096
2023-03-08,29.77,30.39,29.76,30.27,12528004,0.01953519703603912
2023-03-09,30.45,30.48,29.7,29.76,12299833,-0.01684836471754203
2023-03-10,29.76,30.52,29.41,29.49,18598800,-0.009072580645161366
2023-03-13,29.15,29.85,29.0,29.06,17488363,-0.014581213970837559
2023-03-14,29.33,29.69,28.8,29.26,13376800,0.006882312456985673
2023-03-15,29.08,29.32,28.7,28.98,15821500,-0.009569377990430672
2023-03-16,28.75,29.4,28.63,29.33,14007697,0.01207729468599017
2023-03-17,29.33,29.33,28.74,28.91,21490861,-0.014319809069212375
2023-03-20,28.98,29.4,28.96,29.18,11786900,0.00933932895191969
2023-03-21,29.44,29.61,29.03,29.32,13456564,0.00479780671692942
2023-03-22,29.36,29.46,28.26,28.29,24089600,-0.03512960436562074
2023-03-23,28.35,28.51,27.98,28.08,17661649,-0.007423117709438043
2023-03-24,27.78,28.32,27.6,28.25,13728607,0.006054131054131107
2023-03-27,28.43,28.88,28.28,28.75,11472400,0.017699115044247815
2023-03-28,28.78,29.18,28.73,29.11,10687900,0.012521739130434861
2023-03-29,29.32,29.68,29.32,29.59,11877259,0.01648917897629687
2023-03-30,29.77,29.94,29.39,29.5,10652800,-0.0030415680973301384
2023-03-31,29.61,29.98,29.46,29.94,11340781,0.014915254237288122
2023-04-03,29.76,30.22,29.73,29.85,8281604,-0.0030060120240480437
2023-04-04,29.95,30.01,29.36,29.51,10742687,-0.011390284757118896
2023-04-05,29.47,29.69,29.17,29.29,13043160,-0.0074550999661132655
2023-04-06,29.34,30.1,29.15,30.02,18372715,0.024923181973369735
2023-04-10,29.83,30.04,29.76,29.99,16722822,-0.0009993337774817368
2023-04-11,30.08,30.43,30.08,30.31,13468402,0.01067022340780266
2023-04-12,30.43,30.48,30.1,30.16,11862305,-0.004948861761794765
2023-04-13,30.2,30.47,29.94,30.42,11801266,0.008620689655172376
2023-04-14,30.5,30.74,30.24,30.46,16727539,0.0013149243918475495
2023-04-17,30.6,30.74,30.27,30.45,16325519,-0.00032829940906109467
2023-04-18,30.44,30.73,30.33,30.41,12721461,-0.0013136288998357726
2023-04-19,30.29,30.61,30.24,30.56,9847100,0.004932587964485258
2023-04-20,30.48,31.21,30.48,30.81,21944344,0.008180628272251411
2023-04-21,31.9,32.27,31.41,31.82,25062031,0.03278156442713409
2023-04-24,31.8,31.84,31.18,31.38,14661200,-0.013827781269641792
2023-04-25,31.06,31.15,30.67,30.9,13623900,-0.015296367112810683
2023-04-26,30.59,30.8,30.02,30.14,13958137,-0.02459546925566336
2023-04-27,30.2,30.53,29.93,30.39,14161100,0.008294625082946316
2023-04-28,30.37,30.96,30.33,30.64,12036917,0.008226390259953975
2023-05-01,30.65,31.55,30.64,31.3,11293134,0.021540469973890364
2023-05-02,31.3,31.34,30.69,31.07,9846478,-0.007348242811501593
2023-05-03,31.15,31.5,30.9,30.93,8549601,-0.0045059542967492705
2023-05-04,30.84,31.37,30.8,31.31,12353100,0.012285806660200516
2023-05-05,31.57,32.03,31.42,31.86,8863260,0.017566272756307955
2023-05-08,32.0,32.25,31.69,31.88,8938100,0.0006277463904582614
2023-05-09,31.69,32.14,31.44,32.02,9081044,0.004391468005018995
2023-05-10,32.25,32.33,31.4,31.81,9976355,-0.0065584009993755465
2023-05-11,31.75,31.91,31.48,31.79,6927529,-0.0006287331027978738
2023-05-12,31.8,32.05,31.63,31.82,6915300,0.0009436929852155718
2023-05-15,31.86,32.22,31.8,32.01,6837503,0.005971087366436034
2023-05-16,31.9,31.97,31.65,31.68,7801600,-0.010309278350515427
2023-05-17,31.77,32.15,31.71,31.95,16734927,0.008522727272727293
2023-05-18,31.85,32.42,31.56,32.39,10551500,0.013771517996870042
2023-05-19,32.56,32.68,32.0,32.31,9766100,-0.002469898116702618
2023-05-22,32.99,33.07,31.53,31.9,14019800,-0.012689569792634026
2023-05-23,31.69,31.98,31.48,31.61,11195574,-0.009090909090909038
2023-05-24,31.48,31.5,30.64,30.89,15527439,-0.022777602024675714
2023-05-25,30.7,31.07,30.55,30.92,11791100,0.0009711880867595557
2023-05-26,30.92,31.0,30.63,30.81,12295638,-0.0035575679172057395
2023-05-30,30.72,31.12,30.4,30.97,9079422,0.005193119117169687
2023-05-31,30.96,30.96,30.42,30.67,14024724,-0.009686793671294658
2023-06-01,31.14,31.44,31.05,31.38,17447456,0.02314965764590804
2023-06-02,31.61,32.19,31.53,31.92,10738141,0.017208413001912115
2023-06-05,31.97,32.2,31.93,32.13,10404377,0.006578947368421018
2023-06-06,32.05,32.08,31.79,31.94,10984791,-0.005913476501711812
2023-06-07,31.94,32.62,31.81,32.58,12490200,0.02003757044458343
2023-06-08,32.59,32.65,32.05,32.56,8662841,-0.000613873542050225
2023-06-09,32.55,32.72,32.15,32.31,9226144,-0.007678132678132665
2023-06-12,32.29,32.49,31.74,32.4,11769384,0.0027855153203342198
2023-06-13,32.56,32.96,32.39,32.66,16266020,0.008024691358024638
2023-06-14,32.8,33.49,32.71,33.09,14398215,0.013165952235150158
2023-06-15,33.11,33.58,32.98,33.56,11338300,0.01420368691447571
2023-06-16,33.67,33.75,33.12,33.21,30050012,-0.010429082240762888
2023-06-20,33.22,33.37,32.85,32.91,9430774,-0.009033423667570095
2023-06-21,32.77,33.21,32.54,33.13,8878386,0.0066848982072320595
2023-06-22,33.06,33.15,32.86,33.11,6223680,-0.0006036824630245574
2023-06-23,32.78,32.89,32.62,32.74,13571427,-0.011174871639987871
2023-06-26,32.8,33.27,32.74,33.11,8465118,0.011301160659743292
2023-06-27,33.14,33.65,33.14,33.47,8861600,0.0108728480821505
2023-06-28,33.48,33.63,33.38,33.59,9303960,0.0035853002688976954
2023-06-29,33.44,33.87,33.34,33.87,6311211,0.008335814230425509
2023-06-30,34.0,34.18,33.71,34.1,9416301,0.006790670209625205
2023-07-03,33.86,34.38,33.53,34.34,4292517,0.007038123167155463
2023-07-05,34.12,34.15,33.74,33.87,9974297,-0.013686662783925607
2023-07-06,33.47,33.75,33.33,33.46,13812935,-0.012105107764983636
2023-07-07,33.4,33.69,33.25,33.3,16723049,-0.004781829049611552
2023-07-10,33.3,33.66,33.3,33.61,12307961,0.009309309309309288
2023-07-11,33.78,33.86,33.55,33.77,10103500,0.0047604879500149355
2023-07-12,34.03,34.03,33.47,33.53,11777336,-0.007106899615042961
2023-07-13,33.56,33.8,33.45,33.72,9960840,0.005666567253205912
2023-07-14,33.6,33.72,33.45,33.63,7892210,-0.002669039145907326
2023-07-17,33.43,33.44,32.79,33.22,14879307,-0.012191495688373633
2023-07-18,33.19,33.76,33.11,33.75,12823000,0.015954244431065634
2023-07-19,33.68,33.92,33.59,33.8,10626500,0.001481481481481417
2023-07-20,33.98,34.1,33.66,33.71,15919929,-0.002662721893491038
2023-07-21,31.94,32.63,31.83,32.46,48304239,-0.03708098487095812
2023-07-24,32.37,32.84,32.32,32.52,13605396,0.001848428835489857
2023-07-25,32.34,33.31,32.34,33.17,13887774,0.019987699876998777
2023-07-26,33.31,33.31,32.83,32.95,23107442,-0.006632499246306822
2023-07-27,33.1,33.45,32.89,33.03,12733836,0.0024279210925644
2023-07-28,33.29,33.99,33.19,33.8,12014160,0.02331214047835295
2023-07-31,33.44,33.6,33.14,33.32,13774145,-0.014201183431952535
2023-08-01,33.32,33.42,33.09,33.31,11443899,-0.00030012004801915904
2023-08-02,33.09,33.1,32.67,32.96,9710835,-0.010507355148604014
2023-08-03,32.86,33.22,32.74,32.91,7892500,-0.001516990291262288
2023-08-04,32.42,32.56,31.44,31.52,32864655,-0.04223640230932835
2023-08-07,31.53,31.81,31.5,31.78,12071030,0.008248730964466988
2023-08-08,31.5,31.74,31.23,31.31,10594120,-0.014789175582127223
2023-08-09,31.21,31.31,30.95,31.11,10967617,-0.006387735547748297
2023-08-10,31.24,31.37,30.9,30.92,9687409,-0.006107360977177678
2023-08-11,30.81,31.03,30.7,30.75,12305131,-0.00549805950840887
2023-08-14,30.7,30.9,30.58,30.82,12786218,0.0022764227642275703
2023-08-15,30.69,30.74,30.16,30.28,10972148,-0.0175210902011681
2023-08-16,30.32,30.63,30.12,30.19,8296100,-0.002972258916776771
2023-08-17,30.26,30.52,30.19,30.27,8545738,0.0026498840675719393
2023-08-18,30.21,31.0,30.14,30.87,13792040,0.019821605550049526
2023-08-21,30.76,30.95,30.56,30.71,9629674,-0.005183025591188883
2023-08-22,30.65,30.91,30.43,30.51,7457200,-0.00651253663301854
2023-08-23,30.66,31.05,30.6,31.0,12092500,0.016060308095706244
2023-08-24,30.95,31.07,30.55,30.56,14328603,-0.014193548387096855
2023-08-25,30.66,31.08,30.64,30.91,10905762,0.011452879581151931
2023-08-28,30.95,31.29,30.7,30.86,12167502,-0.0016175994823681705
2023-08-29,30.93,31.07,30.63,30.75,10469900,-0.0035644847699286553
2023-08-30,30.73,30.99,30.66,30.73,8916529,-0.0006504065040650042
2023-08-31,30.71,30.74,30.18,30.2,11113410,-0.017246989912138022
2023-09-01,30.48,30.76,30.34,30.63,12304600,0.014238410596026485
2023-09-05,30.63,30.63,29.78,29.92,11426183,-0.023179888997714615
2023-09-06,29.91,30.23,29.69,29.73,16137103,-0.006350267379679142
2023-09-07,29.65,29.95,29.45,29.49,10474097,-0.008072653884964698
2023-09-08,30.37,30.54,29.76,29.95,32686877,0.015598507968803021
2023-09-11,30.11,30.31,30.03,30.18,13313907,0.007679465776293748
2023-09-12,30.19,30.84,30.11,30.59,12738629,0.013585155732273035
2023-09-13,30.6,30.66,30.08,30.5,11156815,-0.00294213795357956
2023-09-14,30.8,31.19,30.69,31.04,12407358,0.017704918032786843
2023-09-15,31.05,31.2,30.68,30.85,25501239,-0.006121134020618535
2023-09-18,30.98,31.25,30.73,31.1,13835319,0.008103727714748876
2023-09-19,31.02,31.1,30.44,30.91,15039810,-0.006109324758842516
2023-09-20,31.22,31.57,31.17,31.31,13149991,0.012940795858945364
2023-09-21,31.14,31.39,30.96,31.02,15185436,-0.009262216544235091
2023-09-22,31.0,31.51,30.97,31.2,16176621,0.005802707930367523
2023-09-25,31.05,31.33,30.96,31.15,8789047,-0.0016025641025640969
2023-09-26,31.04,31.05,30.58,30.62,9247100,-0.017014446227929247
2023-09-27,30.66,30.7,30.03,30.28,13495300,-0.011103853690398457
2023-09-28,30.28,30.82,30.22,30.57,12098862,0.009577278731836225
2023-09-29,30.99,31.17,30.7,30.75,15052400,0.0058881256133465065
2023-10-02,30.6,30.69,30.16,30.54,16786115,-0.006829268292682933
2023-10-03,30.42,30.96,30.33,30.77,17736924,0.007531106745252147
2023-10-04,30.79,30.97,30.47,30.85,11907700,0.002599935001625031
2023-10-05,30.84,30.87,30.23,30.41,13857000,-0.014262560777957956
2023-10-06,30.23,31.11,30.13,30.91,11781902,0.016441959881617896
2023-10-09,30.76,31.18,30.73,31.08,11418400,0.005499838240051735
2023-10-10,31.18,31.57,31.15,31.54,11805532,0.014800514800514808
2023-10-11,31.93,32.0,31.44,31.61,10968300,0.00221940393151554
2023-10-12,31.66,31.68,30.8,31.16,12984906,-0.014236001265422349
2023-10-13,31.1,31.57,31.05,31.14,9054100,-0.0006418485237483784
2023-10-16,31.33,31.71,31.29,31.41,11420200,0.00867052023121384
2023-10-17,31.41,31.65,31.23,31.37,8664700,-0.0012734797835084466
2023-10-18,31.06,31.1,30.63,30.67,14342220,-0.022314313037934297
2023-10-19,30.9,31.16,30.49,30.54,22045623,-0.004238669709814236
2023-10-20,31.23,31.5,30.4,30.76,21527113,0.007203667321545648
2023-10-23,30.71,30.95,30.14,30.16,11479817,-0.01950585175552666
2023-10-24,30.27,30.41,29.56,29.68,14734502,-0.01591511936339529
2023-10-25,29.51,29.8,29.05,29.6,15523000,-0.0026954177897573484
2023-10-26,29.52,30.1,29.52,29.59,14729633,-0.00033783783783791765
2023-10-27,29.57,29.69,29.03,29.24,14364059,-0.01182832037850634
2023-10-30,29.39,29.56,29.26,29.4,10692727,0.00547195622435015
2023-10-31,29.38,29.94,29.28,29.85,11067800,0.015306122448979664
2023-11-01,29.85,29.99,29.38,29.57,16273445,-0.009380234505862672
2023-11-02,29.8,30.48,29.64,30.39,16593264,0.027730808251606343
2023-11-03,30.55,30.69,30.27,30.4,9469206,0.00032905561039808795
2023-11-06,30.42,30.58,30.15,30.38,8744600,-0.0006578947368420796
2023-11-07,30.2,30.38,30.01,30.35,11292007,-0.0009874917709018494
2023-11-08,30.46,30.59,30.2,30.37,7847137,0.0006589785831960793
2023-11-09,30.44,30.52,30.13,30.17,9203536,-0.006585446163977604
2023-11-10,30.39,30.78,30.23,30.7,11374219,0.017567119655286678
2023-11-13,30.59,30.67,30.3,30.45,10154900,-0.008143322475570036
2023-11-14,30.94,31.38,30.94,31.11,13300615,0.021674876847290747
2023-11-15,31.11,31.32,30.89,30.99,14571850,-0.0038572806171649487
2023-11-16,31.18,31.39,30.86,31.33,13475100,0.010971281058405946
2023-11-17,31.44,31.76,31.44,31.62,13336919,0.00925630386211318
2023-11-20,31.5,32.12,31.45,32.06,13216002,0.013915243516761544
2023-11-21,32.1,32.33,31.93,32.25,14009603,0.005926388022457818
2023-11-22,32.43,32.61,32.26,32.55,13128618,0.009302325581395321
2023-11-24,32.54,32.64,32.38,32.64,7221900,0.0027649769585254003
2023-11-27,32.52,32.55,31.92,31.94,9971800,-0.021446078431372473
2023-11-28,31.91,32.28,31.88,32.05,11123200,0.003443957420162569
2023-11-29,32.09,32.16,31.65,31.73,9414131,-0.00998439937597495
2023-11-30,31.76,32.33,31.72,32.3,17186820,0.017964071856287234
2023-12-01,32.41,33.43,32.37,33.4,12861600,0.034055727554179516
2023-12-04,33.31,33.83,33.27,33.66,16935740,0.0077844311377244235
2023-12-05,33.45,33.45,33.13,33.29,7736011,-0.010992275698157972
2023-12-06,33.52,33.57,33.23,33.52,10669700,0.006908981676179149
2023-12-07,33.73,33.8,33.44,33.5,10666600,-0.0005966587112172794
2023-12-08,33.45,33.49,32.93,32.96,15756848,-0.016119402985074638
2023-12-11,33.24,33.32,33.11,33.2,11108910,0.00728155339805836
2023-12-12,33.39,33.44,33.14,33.22,9729104,0.00060240963855418
2023-12-13,33.17,33.34,32.78,33.24,19160700,0.0006020469596630385
2023-12-14,33.52,34.04,33.41,33.84,17306151,0.018050541516245522
2023-12-15,33.76,34.08,33.55,34.0,32750551,0.004728132387706863
2023-12-18,34.18,34.55,34.12,34.33,10947765,0.00970588235294123
2023-12-19,34.31,34.61,34.19,34.58,9939906,0.0072822604136324465
2023-12-20,34.31,34.84,34.22,34.36,9863969,-0.0063620589936379535
2023-12-21,34.44,34.49,34.2,34.46,9828800,0.0029103608847498297
2023-12-22,34.55,34.81,34.53,34.63,6262838,0.004933255948926352
2023-12-26,34.63,35.09,34.57,34.95,6058566,0.009240542881894243
2023-12-27,34.77,34.89,34.57,34.65,9632229,-0.008583690987124637
2023-12-28,34.72,34.82,34.6,34.74,4795134,0.0025974025974027093
2023-12-29,34.69,34.78,34.55,34.67,6712075,-0.002014968336211842
2024-01-02,34.64,34.98,34.45,34.62,9285300,-0.0014421690222095052
2024-01-03,34.64,34.92,34.52,34.66,10827300,0.0011554015020218689
2024-01-04,34.59,34.98,34.5,34.72,9283400,0.0017311021350261413
2024-01-05,34.67,34.92,34.57,34.62,7118852,-0.002880184331797264
2024-01-08,34.74,34.77,34.4,34.69,8977677,0.002021952628538326
2024-01-09,34.37,34.64,34.23,34.61,7855300,-0.0023061400980108893
2024-01-10,34.62,34.75,34.51,34.7,6448021,0.0026004045073679816
2024-01-11,34.66,34.66,34.25,34.57,7752009,-0.0037463976945245614
2024-01-12,34.72,34.89,34.48,34.86,5727483,0.008388776395718889
2024-01-16,34.78,34.96,34.57,34.74,9755417,-0.0034423407917383297
2024-01-17,34.4,34.55,34.18,34.39,10484600,-0.010074841681059321
2024-01-18,34.37,34.59,34.21,34.45,17670900,0.0017446932247746627
2024-01-19,34.42,34.77,34.32,34.55,18313443,0.002902757619738683
2024-01-22,34.69,34.98,34.51,34.75,15175200,0.005788712011577601
2024-01-23,34.77,34.94,34.6,34.89,10098700,0.004028776978417303
2024-01-24,35.0,35.0,34.33,34.39,17803435,-0.014330753797649809
2024-01-25,34.52,35.01,33.45,35.0,19979400,0.017737714451875553
2024-01-26,35.07,35.5,34.82,35.39,21484732,0.011142857142857121
2024-01-29,35.18,35.63,35.05,35.59,11223900,0.00565131393048901
2024-01-30,35.3,35.99,35.27,35.85,13619200,0.007305422871593192
2024-01-31,35.96,36.12,35.66,35.7,15551100,-0.004184100418409997
2024-02-01,35.75,36.28,35.64,36.28,13146720,0.016246498599439718
2024-02-02,36.24,36.75,36.07,36.53,13400800,0.0068908489525909555
2024-02-05,36.23,36.93,36.2,36.73,11621724,0.005474952094169039
2024-02-06,36.83,37.15,36.65,37.02,9139148,0.00789545330792274
2024-02-07,37.2,37.37,36.99,36.99,9536072,-0.0008103727714748876
2024-02-08,37.06,37.15,36.72,37.07,8489062,0.0021627466882940816
2024-02-09,37.12,37.22,36.74,36.89,9439225,-0.004855678446182843
2024-02-12,36.79,36.93,36.42,36.87,11684724,-0.0005421523448089216
2024-02-13,36.77,36.84,36.35,36.61,11241596,-0.007051803634391063
2024-02-14,36.63,37.06,36.59,37.0,8318400,0.01065282709642168
2024-02-15,37.18,37.39,36.89,37.0,9581408,0.0
2024-02-16,36.89,37.02,36.65,36.72,12668427,-0.007567567567567601
2024-02-20,36.76,36.92,36.45,36.86,14300465,0.0038126361655772545
2024-02-21,37.0,37.16,36.83,37.1,10010096,0.006511123168746691
2024-02-22,37.21,38.03,37.09,37.89,17846503,0.021293800539083474
2024-02-23,37.94,40.12,37.86,38.33,26652715,0.011612562681446281
2024-02-26,38.27,38.7,38.15,38.18,13371200,-0.003913383772501944
2024-02-27,38.2,38.23,37.8,37.96,8876800,-0.005762179151388103
2024-02-28,37.84,38.1,37.66,37.68,10889968,-0.00737618545837726
2024-02-29,37.86,38.1,37.73,37.94,14362700,0.006900212314224996
2024-03-01,37.79,38.25,37.63,38.23,7890967,0.007643647865050118
2024-03-04,38.17,38.4,38.09,38.38,7901456,0.0039236201935655135
2024-03-05,38.44,38.61,38.08,38.25,11336886,-0.003387180823345548
2024-03-06,38.21,38.51,38.04,38.09,8586000,-0.004183006535947609
2024-03-07,38.41,38.46,37.87,37.92,8116238,-0.004463113678130792
2024-03-08,37.94,38.33,37.89,38.19,7684456,0.007120253164556889
2024-03-11,38.24,38.35,37.85,38.04,5975402,-0.00392772977219169
2024-03-12,37.92,38.14,37.71,37.82,10346925,-0.005783385909568839
2024-03-13,37.86,37.92,37.5,37.78,12440905,-0.0010576414595452333
2024-03-14,37.86,37.86,36.7,37.03,13671035,-0.01985177342509259
2024-03-15,37.12,37.37,36.92,36.97,17758000,-0.0016203078584932085
2024-03-18,37.0,37.33,36.91,37.31,9414095,0.00919664592913172
2024-03-19,37.32,37.44,36.87,36.98,14900347,-0.00884481372286261
2024-03-20,36.94,37.68,36.79,37.61,13891900,0.017036235803136845
2024-03-21,37.82,37.88,37.46,37.87,10512504,0.0069130550385534395
2024-03-22,37.97,38.03,37.34,37.35,10437198,-0.013731185635067256
2024-03-25,37.34,37.4,36.75,36.84,9664500,-0.013654618473895486
2024-03-26,35.86,36.68,35.7,36.13,14861007,-0.019272529858849086
2024-03-27,36.34,36.86,36.24,36.84,8578309,0.019651259341267657
2024-03-28,36.93,37.17,36.69,37.07,8659560,0.006243213897936917
2024-04-01,36.98,37.0,36.56,36.78,12179900,-0.007823037496627938
2024-04-02,36.71,36.84,36.3,36.51,10635604,-0.007340946166394913
2024-04-03,36.51,36.82,36.28,36.42,9199500,-0.0024650780608052036
2024-04-04,36.62,36.77,35.96,36.12,12437300,-0.008237232289950658
2024-04-05,36.28,36.51,36.15,36.3,8863336,0.004983388704318914
2024-04-08,36.13,36.4,36.0,36.05,12537429,-0.00688705234159781
2024-04-09,36.0,36.14,35.66,35.95,12472914,-0.002773925104022079
2024-04-10,35.54,35.66,35.27,35.41,13709500,-0.015020862308762317
2024-04-11,35.36,35.7,35.14,35.43,10695419,0.0005648121999435318
2024-04-12,35.16,35.48,35.1,35.34,15163704,-0.002540220152413064
2024-04-15,35.71,35.83,34.98,35.14,15632649,-0.005659309564233217
2024-04-16,35.25,35.25,34.76,34.84,12794300,-0.008537279453614044
2024-04-17,34.75,34.78,33.92,34.16,24343512,-0.019517795637198798
2024-04-18,34.75,35.08,34.08,34.39,25707082,0.006733021077283574
2024-04-19,34.45,34.61,34.2,34.34,13615438,-0.0014539110206454042
2024-04-22,34.57,34.76,34.23,34.62,14638423,0.00815375655212569
2024-04-23,34.62,34.97,34.51,34.72,19272515,0.0028885037550550052
2024-04-24,34.43,34.43,33.41,33.67,23767917,-0.030241935483870885
2024-04-25,33.81,34.2,33.64,34.03,11992120,0.010692010692010756
2024-04-26,33.64,34.17,33.57,33.99,10661945,-0.0011754334410813971
2024-04-29,33.89,34.16,33.75,33.95,11084600,-0.0011768167107972793
2024-04-30,33.9,33.97,33.13,33.22,17483871,-0.021502209131075256
2024-05-01,33.21,33.52,32.96,33.2,12227703,-0.0006020469596627054
2024-05-02,33.31,33.76,33.16,33.57,9457548,0.011144578313252884
2024-05-03,33.82,33.97,33.66,33.85,6618097,0.00834078045874298
2024-05-06,33.87,33.98,33.55,33.68,8992945,-0.005022156573116776
2024-05-07,33.87,34.14,33.85,33.96,9546294,0.008313539192399189
2024-05-08,33.89,34.25,33.84,34.22,8092288,0.007656065959952718
2024-05-09,34.22,34.65,34.08,34.5,11379549,0.008182349503214503
2024-05-10,34.6,34.69,34.24,34.38,7834533,-0.003478260869565153
2024-05-13,34.58,34.62,34.13,34.52,10039166,0.004072134962187279
2024-05-14,34.52,34.68,33.81,33.93,14001312,-0.01709154113557365
2024-05-15,34.07,34.34,33.79,33.84,12532100,-0.0026525198938991412
2024-05-16,33.89,34.0,33.73,33.93,10161695,0.0026595744680850686
2024-05-17,33.92,33.94,33.47,33.52,8218484,-0.012083701738874075
2024-05-20,33.53,33.63,33.15,33.41,7800386,-0.0032816229116947593
2024-05-21,33.35,33.36,32.94,33.07,9165645,-0.010176593834181236
2024-05-22,33.11,34.05,33.1,34.01,17390908,0.028424553976413636
2024-05-23,34.04,34.12,33.44,33.5,12453700,-0.014995589532490361
2024-05-24,33.59,33.82,33.51,33.78,8854602,0.008358208955223878
2024-05-28,33.77,33.92,33.45,33.48,9949300,-0.008880994671403353
2024-05-29,33.21,33.47,33.08,33.24,8656433,-0.007168458781361853
2024-05-30,33.24,33.52,33.2,33.3,12463900,0.0018050541516243523
2024-05-31,33.33,33.83,33.13,33.75,30345100,0.013513513513513598
2024-06-03,33.66,33.87,32.87,33.18,9721700,-0.016888888888888842
2024-06-04,33.21,33.21,32.74,32.77,8229400,-0.012356841470765434
2024-06-05,32.8,33.13,32.59,33.05,8531407,0.00854440036618831
2024-06-06,32.98,33.14,32.84,32.99,7093200,-0.0018154311649015709
2024-06-07,32.86,33.25,32.66,32.75,8944850,-0.007274931797514483
2024-06-10,32.67,32.93,32.46,32.93,8326800,0.005496183206106897
2024-06-11,32.68,32.83,32.56,32.67,6757437,-0.007895535985423585
2024-06-12,32.79,33.12,32.51,32.76,8229700,0.0027548209366390353
2024-06-13,32.54,32.68,32.22,32.53,7840447,-0.007020757020756885
2024-06-14,32.42,32.42,31.74,32.18,13292007,-0.010759299108515252
2024-06-17,32.01,32.71,31.92,32.61,14397939,0.013362336855189616
2024-06-18,32.71,33.06,32.6,33.03,12603747,0.012879484820607301
2024-06-20,32.83,33.37,32.78,33.31,10799800,0.008477141992128345
2024-06-21,33.44,33.53,33.11,33.41,18688200,0.003002101471029528
2024-06-24,33.54,33.81,33.19,33.21,9553529,-0.005986231667165387
2024-06-25,33.09,33.09,32.3,32.71,11303328,-0.01505570611261664
2024-06-26,32.71,33.22,32.58,33.01,15753803,0.009171507184347227
2024-06-27,33.16,33.22,32.94,33.03,14253315,0.0006058770069676811
2024-06-28,33.16,33.6,33.08,33.45,15864930,0.012715712988192518
2024-07-01,33.48,33.82,33.31,33.59,11091100,0.004185351270552973
2024-07-02,33.62,33.87,33.54,33.76,11763052,0.005061030068472583
2024-07-03,33.7,33.74,33.46,33.55,4523228,-0.006220379146919419
2024-07-05,33.53,33.55,33.1,33.3,9545346,-0.007451564828613977
2024-07-08,32.84,33.42,32.8,33.39,7970900,0.002702702702702897
2024-07-09,33.17,33.27,32.07,32.48,14924582,-0.027253668763102867
2024-07-10,32.5,32.96,32.37,32.92,8585600,0.013546798029556717
2024-07-11,32.9,33.8,32.87,33.74,9850417,0.024908869987849247
2024-07-12,33.82,34.06,33.64,33.79,6764400,0.0014819205690574933
2024-07-15,33.9,34.88,33.76,34.6,13872273,0.023971589227582246
2024-07-16,34.6,35.63,34.47,35.33,13257100,0.02109826589595376
2024-07-17,35.16,35.52,35.07,35.45,11175600,0.0033965468440420032
2024-07-18,35.23,35.46,34.94,35.02,8452900,-0.012129760225669917
2024-07-19,35.05,35.17,34.41,34.69,7383300,-0.009423186750428525
2024-07-22,34.79,34.82,34.1,34.51,10739647,-0.005188815220524612
2024-07-23,34.28,34.32,33.61,33.64,10978400,-0.025210084033613356
2024-07-24,33.64,33.64,33.11,33.2,16504731,-0.013079667063020106
2024-07-25,33.32,34.08,33.09,33.6,14530800,0.012048192771084265
2024-07-26,33.72,34.65,33.7,34.32,9975650,0.021428571428571352
2024-07-29,34.37,34.8,34.21,34.4,10706200,0.002331002331002363
2024-07-30,34.43,35.1,34.36,35.02,12364604,0.018023255813953698
2024-07-31,35.06,35.44,34.71,35.1,9983129,0.0022844089091946795
2024-08-01,35.1,35.25,34.39,34.77,9642500,-0.009401709401709368
2024-08-02,34.77,34.85,33.49,34.08,13305920,-0.01984469370146691
2024-08-05,34.43,34.43,32.77,33.0,18635236,-0.03169014084507038
2024-08-06,32.14,34.5,32.12,33.86,18679500,0.026060606060606117
2024-08-07,33.84,34.44,33.6,33.62,10019919,-0.007088009450679333
2024-08-08,33.71,34.38,33.62,34.25,8516445,0.0187388459250446
2024-08-09,34.1,34.31,33.73,34.0,7875230,-0.007299270072992692
2024-08-12,34.04,34.12,33.39,33.5,8740500,-0.014705882352941124
2024-08-13,33.58,33.67,32.97,33.22,14386500,-0.008358208955223878
2024-08-14,33.19,33.48,33.11,33.36,12555269,0.004214328717639937
2024-08-15,33.6,33.83,33.46,33.63,12359000,0.008093525179856176
2024-08-16,33.59,33.67,33.28,33.42,9870518,-0.006244424620874267
2024-08-19,33.42,33.68,33.28,33.64,8893100,0.006582884500299091
2024-08-20,33.55,33.68,33.49,33.58,6113306,-0.001783590963139181
2024-08-21,33.84,33.93,33.66,33.79,7231422,0.0062537224538417036
2024-08-22,33.83,33.87,32.98,33.23,14439600,-0.016572950577093848
2024-08-23,33.59,33.85,33.41,33.69,10397905,0.01384291303039431
2024-08-26,33.88,33.94,33.61,33.67,5857334,-0.0005936479667556505
2024-08-27,33.67,33.77,33.5,33.58,7487700,-0.0026730026730027445
2024-08-28,33.6,33.91,33.42,33.72,9524426,0.004169148302560988
2024-08-29,33.95,34.23,33.6,33.94,7526100,0.006524317912218303
2024-08-30,33.99,34.32,33.71,34.27,9050356,0.009723040659988413
2024-09-03,34.2,34.71,34.14,34.58,13197900,0.00904581266413751
2024-09-04,34.59,35.08,34.48,34.86,9862100,0.00809716599190291
2024-09-05,34.79,34.89,33.92,34.02,9514100,-0.02409638554216853
2024-09-06,33.98,34.07,33.33,33.37,10912321,-0.01910640799529706
2024-09-09,33.55,33.86,33.25,33.76,9874012,0.011687144141444339
2024-09-10,33.82,33.83,33.28,33.51,9707000,-0.007405213270142208
2024-09-11,33.4,33.4,32.5,33.3,9594809,-0.006266786034019756
2024-09-12,33.31,33.5,32.45,33.45,14227800,0.0045045045045046805
2024-09-13,33.56,33.95,33.39,33.52,7680966,0.0020926756352765974
2024-09-16,33.75,34.14,33.56,33.81,8007100,0.008651551312649053
2024-09-17,33.95,34.27,33.93,34.07,6839245,0.007690032534752866
2024-09-18,34.09,34.35,33.8,34.05,8449000,-0.0005870267097153326
2024-09-19,34.53,34.97,34.31,34.8,12031999,0.022026431718061623
2024-09-20,34.66,34.96,34.27,34.93,31214838,0.003735632183908155
2024-09-23,34.86,34.93,33.77,34.02,13003300,-0.02605210420841675
2024-09-24,34.02,34.41,33.89,34.14,10494024,0.003527336860670083
2024-09-25,34.2,34.22,33.47,33.52,8278047,-0.018160515524311638
2024-09-26,33.67,34.1,33.62,33.9,8115900,0.011336515513126422
2024-09-27,34.27,35.03,34.12,34.53,11446664,0.018584070796460184
2024-09-30,34.57,34.91,34.23,34.53,9407632,0.0
2024-10-01,34.42,34.66,34.01,34.52,10638516,-0.0002896032435563134
2024-10-02,34.47,34.76,34.16,34.17,7030900,-0.01013904982618774
2024-10-03,34.11,34.28,33.64,34.12,14237031,-0.0014632718759146623
2024-10-04,34.79,35.08,34.11,34.49,10243425,0.01084407971864021
2024-10-07,34.24,34.27,33.53,33.65,10763240,-0.024354885474050514
2024-10-08,33.71,34.13,33.6,33.87,9186604,0.0065378900445765
2024-10-09,33.92,34.35,33.84,34.26,7715700,0.011514614703277193
2024-10-10,34.15,34.57,33.99,34.53,6551900,0.007880910683012443
2024-10-11,34.65,35.01,34.59,34.96,6766466,0.012452939472922031
2024-10-14,34.96,35.35,34.67,35.29,11825400,0.009439359267734426
2024-10-15,35.42,35.94,35.28,35.5,12259110,0.005950694247662147
2024-10-16,35.79,36.19,35.42,35.47,17624000,-0.0008450704225352323
2024-10-17,33.9,34.28,33.09,33.09,28487949,-0.06709895686495615
2024-10-18,33.2,34.33,33.13,34.12,21248600,0.031127228770021054
2024-10-21,34.07,34.2,33.61,33.66,10142800,-0.01348182883939042
2024-10-22,33.55,33.88,33.34,33.85,11223535,0.005644682115270472
2024-10-23,33.64,33.7,33.33,33.59,11925139,-0.007680945347119605
2024-10-24,33.37,33.57,32.84,33.1,15051441,-0.014587674903245085
2024-10-25,33.21,33.35,32.96,33.27,14067100,0.005135951661631388
2024-10-28,33.44,33.54,33.19,33.26,8016600,-0.00030057108506176267
2024-10-29,33.18,33.67,33.12,33.25,13083311,-0.00030066145520135645
2024-10-30,33.19,33.77,33.19,33.54,11865100,0.008721804511278242
2024-10-31,33.56,34.0,33.42,33.64,11551520,0.0029815146094216427
2024-11-01,33.69,33.92,33.35,33.39,11062324,-0.007431629013079699
2024-11-04,33.47,33.87,33.32,33.36,12458229,-0.0008984725965858198
2024-11-05,33.41,34.04,33.35,34.02,7946400,0.019784172661870603
2024-11-06,36.05,37.1,35.95,36.88,25958985,0.0840681951793063
2024-11-07,36.64,36.72,35.23,35.56,22333200,-0.03579175704989157
2024-11-08,35.63,36.07,35.31,36.0,13095643,0.01237345331833506
2024-11-11,36.29,36.96,36.25,36.52,10200252,0.014444444444444482
2024-11-12,36.4,36.58,36.03,36.13,11421700,-0.010679079956188442
2024-11-13,35.98,36.53,35.92,36.48,8668103,0.009687240520342977
2024-11-14,36.33,36.45,35.5,35.63,14939900,-0.023300438596491113
2024-11-15,35.56,35.69,35.0,35.13,10597925,-0.014033118158854885
2024-11-18,35.35,35.49,34.95,34.97,7652189,-0.004554511813265161
2024-11-19,34.52,34.88,34.5,34.6,10463107,-0.010580497569345093
2024-11-20,34.68,34.78,34.41,34.57,7939300,-0.0008670520231214285
2024-11-21,34.7,35.36,34.6,35.34,12036200,0.022273647671391394
2024-11-22,35.47,35.91,35.37,35.78,10783268,0.012450481041312855
2024-11-25,35.97,36.75,35.97,36.62,13877200,0.02347680268306296
2024-11-26,36.47,36.82,36.03,36.69,9605848,0.0019115237575095811
2024-11-27,36.76,36.91,36.51,36.58,6371100,-0.0029980921231943514
2024-11-29,36.46,36.76,36.41,36.55,5129500,-0.0008201202843084454
2024-12-02,36.51,36.55,35.8,36.34,12161452,-0.005745554035567535
2024-12-03,36.27,36.5,35.79,36.0,9960400,-0.009356081452944531
2024-12-04,35.95,35.95,34.89,35.3,17536100,-0.019444444444444486
2024-12-05,35.37,35.37,34.58,34.62,12745800,-0.0192634560906515
2024-12-06,34.64,34.9,34.44,34.45,10495004,-0.004910456383593109
2024-12-09,34.23,34.63,33.91,33.97,10630179,-0.0139332365747461
2024-12-10,33.89,34.46,33.71,34.17,11245280,0.005887547836326279
2024-12-11,34.06,34.23,33.58,33.61,12464900,-0.016388645010242953
2024-12-12,33.67,33.93,33.52,33.68,9636026,0.0020827134781316037
2024-12-13,33.59,33.74,33.23,33.24,10139346,-0.013064133016627011
2024-12-16,33.25,33.33,32.86,32.94,12673018,-0.009025270758122872
2024-12-17,32.78,33.15,32.69,32.93,12487764,-0.00030358227079529954
2024-12-18,32.81,33.06,32.04,32.08,15794335,-0.025812329183115712
2024-12-19,32.12,32.46,31.56,31.58,11038765,-0.01558603491271826
2024-12-20,31.46,32.2,31.43,31.85,20229200,0.008549715009499748
2024-12-23,31.69,32.28,31.65,32.22,11998889,0.011616954474097163
2024-12-24,32.24,32.61,32.17,32.57,4777600,0.01086281812538803
2024-12-26,32.44,32.57,32.33,32.52,6745287,-0.001535155050660042
2024-12-27,32.2,32.68,32.13,32.46,10431568,-0.0018450184501845879
2024-12-30,32.27,32.34,31.92,32.15,6599099,-0.009550215650030891
2024-12-31,32.22,32.4,32.18,32.27,8424323,0.0037325038880249295
2025-01-02,32.55,32.68,32.07,32.16,13997249,-0.003408738766656594
2025-01-03,32.4,32.51,32.12,32.34,17511800,0.005597014925373456
2025-01-06,32.27,32.49,31.97,32.0,13509045,-0.010513296227582014
2025-01-07,32.01,32.41,31.96,32.19,12814180,0.005937499999999929
2025-01-08,32.2,32.31,31.88,32.2,9683000,0.0003106554830694108
2025-01-10,31.93,32.14,31.71,31.78,13644243,-0.013043478260869601
2025-01-13,31.66,31.97,31.53,31.89,16634147,0.0034612964128382107
2025-01-14,32.01,32.19,31.92,32.14,12878378,0.007839448102853641
2025-01-15,32.68,32.73,32.43,32.46,13694353,0.00995644057249545
2025-01-16,32.33,32.98,32.02,32.97,21673557,0.015711645101663452
2025-01-17,33.36,33.39,32.66,32.73,20686000,-0.007279344858962755
2025-01-21,33.02,33.28,32.78,33.27,9344400,0.016498625114574006
2025-01-22,33.22,33.5,33.05,33.24,13745500,-0.0009017132551848439
2025-01-23,33.88,34.1,33.48,33.67,17405700,0.012936221419975968
2025-01-24,32.05,33.02,32.0,32.69,25130400,-0.02910602910602922
2025-01-27,32.85,33.83,32.57,33.64,20309300,0.02906087488528608
2025-01-28,33.35,33.68,32.65,32.68,14548630,-0.028537455410225898
2025-01-29,32.75,33.62,32.75,32.98,16393999,0.009179926560587415
2025-01-30,32.94,33.19,32.64,32.86,12090302,-0.003638568829593569
2025-01-31,32.85,33.4,32.77,32.87,21654200,0.00030432136335956095
2025-02-03,32.48,32.95,32.05,32.51,15172200,-0.010952236081533284
2025-02-04,32.35,32.97,32.33,32.87,12211900,0.01107351584127958
2025-02-05,32.98,33.06,32.76,32.88,7455011,0.0003042287800427701
2025-02-06,33.04,33.12,32.64,32.74,6585105,-0.0042579075425790425
2025-02-07,32.78,32.83,32.36,32.59,16936688,-0.004581551618814905
2025-02-10,32.75,33.11,32.69,33.08,9929040,0.015035286897821187
2025-02-11,32.95,33.24,32.92,33.11,9177247,0.0009068923821040631
2025-02-12,32.63,33.05,32.62,32.92,7723101,-0.005738447598912622
2025-02-13,33.09,33.14,32.83,33.1,11026900,0.005467800729040073
2025-02-14,33.25,33.49,33.17,33.37,10739949,0.008157099697885029
2025-02-18,33.4,33.74,33.28,33.64,15001029,0.008091099790230816
2025-02-19,33.53,33.55,32.32,32.41,13733100,-0.0365636147443521
2025-02-20,32.32,32.55,32.12,32.46,11703432,0.001542733724159362
2025-02-21,32.47,32.47,31.79,32.3,23611917,-0.0049291435613063594
2025-02-24,32.47,32.49,31.72,31.81,16202213,-0.015170278637770873
2025-02-25,31.97,32.26,31.88,32.09,13040900,0.008802263439170233
2025-02-26,32.05,32.17,31.81,31.98,8666100,-0.003427859146151513
2025-02-27,31.82,32.25,31.68,32.01,9325478,0.0009380863039398779
2025-02-28,32.15,32.27,31.61,32.01,21083306,0.0
2025-03-03,32.15,32.4,31.74,31.93,11273019,-0.002499218994064356
2025-03-04,31.82,31.91,31.17,31.2,19833300,-0.022862511744440983
2025-03-05,31.06,31.55,30.62,30.92,21618388,-0.008974358974358942
2025-03-06,30.95,31.08,30.55,30.93,22952200,0.0003234152652005218
2025-03-07,30.76,31.4,30.71,31.26,19422400,0.010669253152279401
2025-03-10,31.26,31.53,30.56,30.65,20051800,-0.01951375559820867
2025-03-11,30.71,30.71,29.5,29.52,15102240,-0.036867862969004905
2025-03-12,29.5,29.74,29.29,29.55,13936168,0.00101626016260159
2025-03-13,29.6,29.74,28.98,29.13,16509034,-0.014213197969543234
2025-03-14,29.35,30.05,29.22,30.01,16382800,0.030209406110539128
2025-03-17,29.99,30.4,29.92,30.33,9204350,0.010663112295901334
2025-03-18,30.36,30.5,29.99,30.26,11511622,-0.002307945928123889
2025-03-19,30.21,30.37,29.99,30.07,12103600,-0.006278916060806439
2025-03-20,29.9,30.17,29.75,29.98,16138700,-0.002993016295310902
2025-03-21,29.69,29.83,29.46,29.57,25369608,-0.013675783855903956
2025-03-24,29.83,29.94,29.58,29.85,13230200,0.009469056476158366
2025-03-25,29.74,29.84,29.47,29.53,10847000,-0.010720268006700229
2025-03-26,29.56,29.95,29.26,29.9,13968890,0.012529630883846954
2025-03-27,29.85,30.01,29.57,29.92,10440741,0.0006688963210703669
2025-03-28,29.86,29.93,29.09,29.11,9596900,-0.02707219251336901
2025-03-31,29.11,29.66,29.01,29.43,23507120,0.01099278598419784
2025-04-01,29.17,29.57,29.04,29.54,11174238,0.003737682636765216
2025-04-02,29.28,29.76,29.14,29.74,9470300,0.00677048070413
2025-04-03,28.97,28.98,27.9,27.99,21170848,-0.05884330867518495
2025-04-04,27.57,27.73,26.95,27.21,26481200,-0.027867095391211016
2025-04-07,27.23,27.99,26.22,27.09,32102900,-0.004410143329658278
2025-04-08,27.49,27.97,26.31,26.69,22201116,-0.014765596160944972
2025-04-09,26.43,28.78,26.29,28.66,26939300,0.07381041588609971
2025-04-10,28.23,28.36,27.13,27.82,16572317,-0.0293091416608513
2025-04-11,27.75,28.08,27.35,28.01,15001963,0.006829618979151686
2025-04-14,28.2,28.45,27.96,28.27,17079735,0.009282399143162978
2025-04-15,28.22,28.45,27.84,27.9,15163600,-0.013088079235939243
2025-04-16,27.6,27.96,27.16,27.35,25311500,-0.019713261648745428
2025-04-17,27.29,28.02,27.27,27.68,21437658,0.012065813528336244
2025-04-21,27.39,27.54,27.0,27.46,28499500,-0.007947976878612706
2025-04-22,27.62,27.91,27.47,27.78,16208600,0.011653313911143437
2025-04-23,28.28,28.51,27.46,27.59,15917932,-0.00683945284377252
2025-04-24,27.4,28.18,27.18,28.14,13572800,0.019934758970641564
2025-04-25,27.9,28.07,27.67,27.84,14351477,-0.010660980810234588
2025-04-28,27.85,28.02,27.59,27.87,12632506,0.0010775862068965747
2025-04-29,27.75,28.11,27.7,28.05,9907327,0.006458557588805203
2025-04-30,27.89,28.12,27.52,28.07,12723548,0.0007130124777183777
2025-05-01,28.01,28.24,27.74,28.11,13020900,0.0014250089063057025
2025-05-02,28.37,28.8,28.37,28.7,11526600,0.020988971896122477
2025-05-05,28.54,28.78,28.39,28.47,9480956,-0.008013937282229988
2025-05-06,28.33,28.43,28.05,28.09,8753712,-0.013347383210396857
2025-05-07,28.25,28.5,28.13,28.37,11504064,0.009967960128159481
2025-05-08,28.57,29.19,28.33,28.96,13770267,0.020796616143813784
2025-05-09,28.92,29.17,28.66,28.74,9630192,-0.007596685082873034
2025-05-12,29.98,30.56,29.75,30.31,15707678,0.054627696590118235
2025-05-13,30.33,30.72,30.25,30.54,16825346,0.007588254701418773
2025-05-14,30.43,31.12,30.32,31.03,21883800,0.016044531761624237
2025-05-15,30.96,31.42,30.86,31.3,15563400,0.008701256848211436
2025-05-16,31.27,31.4,31.03,31.32,11394300,0.0006389776357826893
2025-05-19,31.09,31.23,30.98,31.21,10553640,-0.0035121328224776427
2025-05-20,31.02,31.35,31.02,31.23,14966209,0.00064082024991996
2025-05-21,31.12,31.12,30.43,30.49,13769291,-0.02369516490553958
2025-05-22,30.52,30.88,30.32,30.64,18430537,0.004919645785503413
2025-05-23,30.26,30.96,30.17,30.82,21149214,0.005874673629242766
2025-05-27,31.1,31.58,30.93,31.43,17934918,0.019792342634652904
2025-05-28,31.5,31.67,31.32,31.34,13834500,-0.002863506204263455
2025-05-29,31.47,31.66,31.21,31.42,15013340,0.002552648372686761
2025-05-30,31.26,31.77,31.18,31.59,22998720,0.005410566518141202
2025-06-02,31.38,31.42,30.85,31.24,25167762,-0.011079455523899995
2025-06-03,31.24,31.91,31.15,31.86,18163200,0.01984635083226638
2025-06-04,31.84,32.06,31.66,31.93,13669400,0.002197112366603804
2025-06-05,31.91,31.92,31.64,31.74,11821446,-0.00595051675540248
2025-06-06,31.97,32.35,31.97,32.23,16163901,0.015437933207309351
2025-06-09,32.34,32.38,31.91,31.98,14841700,-0.007756748371082756
2025-06-10,32.12,33.09,31.92,32.61,24562852,0.019699812382739212
2025-06-11,32.59,32.65,32.16,32.32,12114200,-0.008892977614228692
2025-06-12,32.24,32.4,31.99,32.39,9380522,0.0021658415841583345
2025-06-13,32.28,32.48,32.03,32.12,9032825,-0.008335906143871696
2025-06-16,32.24,32.62,32.16,32.56,11703836,0.013698630136986356
2025-06-17,32.49,32.52,32.04,32.12,12951509,-0.013513513513513709
2025-06-18,32.19,32.52,32.08,32.24,12808443,0.0037359900373601374
2025-06-20,32.43,32.48,31.84,32.06,31011224,-0.005583126550868456
2025-06-23,32.19,32.48,31.94,32.42,12350480,0.011228945726762252
2025-06-24,32.42,32.6,32.29,32.48,12913900,0.0018507094386179812
2025-06-25,32.46,32.52,32.1,32.49,11235100,0.0003078817733992434
2025-06-26,32.6,32.8,32.45,32.57,12448041,0.002462296091104932
2025-06-27,32.58,32.98,32.46,32.91,20445500,0.010439054344488774
2025-06-30,32.8,32.81,32.56,32.63,12112571,-0.0085080522637494
2025-07-01,32.74,33.82,32.63,33.47,12863090,0.02574318112166707
2025-07-02,33.45,33.7,33.32,33.61,8596900,0.004182850313713793
2025-07-03,33.61,33.77,33.53,33.6,5638800,-0.0002975304968758641
2025-07-07,33.49,33.59,32.97,33.05,11868849,-0.016369047619047783
2025-07-08,33.11,33.62,32.98,33.39,11249678,0.010287443267776197
2025-07-09,33.43,33.48,33.16,33.33,9174756,-0.0017969451931716396
2025-07-10,33.28,33.98,33.21,33.54,9782600,0.006300630063006407
2025-07-11,33.4,34.59,33.28,34.1,27262000,0.016696481812760844
2025-07-14,33.94,34.17,33.65,33.98,15304121,-0.0035190615835778427
2025-07-15,33.92,34.06,33.45,33.48,16506337,-0.014714537963507968
2025-07-16,33.59,33.7,33.12,33.26,11556326,-0.006571087216248439
2025-07-17,34.37,34.8,34.04,34.5,28892743,0.03728202044497908
2025-07-18,35.34,35.62,34.24,34.39,24854127,-0.0031884057971014457
2025-07-21,34.74,34.74,34.27,34.36,12531918,-0.0008723466123873314
2025-07-22,34.84,35.26,34.68,35.23,20967000,0.025320139697322386
2025-07-23,35.29,35.34,34.91,34.97,32168300,-0.007380073800737907
2025-07-24,36.37,36.38,34.94,35.0,34910300,0.0008578781812982328
2025-07-25,35.38,36.0,35.04,35.76,31707900,0.021714285714285575
2025-07-28,35.76,36.16,35.51,35.71,21514847,-0.0013982102908276506
2025-07-29,35.99,36.04,34.68,35.42,42665917,-0.008120974516942048
2025-07-30,35.49,35.65,35.13,35.29,12823638,-0.0036702428006776255
2025-07-31,35.1,36.05,35.01,35.54,26361317,0.007084159818645519
2025-08-01,35.27,35.31,34.66,35.01,19266544,-0.01491277433877325
2025-08-04,35.1,35.67,35.07,35.46,13546400,0.01285347043701801
2025-08-05,35.5,35.67,35.33,35.65,11480935,0.0053581500282007255
2025-08-06,35.62,36.1,35.51,36.01,12126116,0.010098176718092544
2025-08-07,36.1,36.19,35.17,35.25,14530835,-0.02110524854207163
2025-08-08,35.4,35.82,35.31,35.43,10864517,0.005106382978723456
2025-08-11,35.43,35.6,34.89,35.23,14318346,-0.005644933672029451
2025-08-12,35.49,36.03,34.86,35.82,20812439,0.016747090547828636
2025-08-13,35.98,36.11,35.66,36.08,21515200,0.007258514796203208
2025-08-14,35.92,36.53,35.73,36.35,23862382,0.007483370288248414
2025-08-15,36.42,36.45,36.01,36.32,17898225,-0.0008253094910591896
2025-08-18,36.15,36.31,35.72,35.99,19415578,-0.009085903083700386
2025-08-19,35.96,37.25,35.96,36.52,42854400,0.01472631286468462
2025-08-20,36.46,36.74,35.97,35.99,15529858,-0.014512595837897102
