Company,Symbol,Previous Close,1y Target Est,Undervalue Rate,Analyst_Count,Annual_Return_5Y,Annual_Volatility_5Y,Weight
Biogen,BIIB,139.12,180.75,0.299238067855089,89,-0.0480724219993385,0.4429819474439231,0.0
Booking Holdings,BKNG,5710.74,5407.4,-0.0531174593835475,75,0.2835699318212641,0.332777827834742,3.0421134361580116e-12
Broadcom,AVGO,289.6,287.17,-0.0083908839779005,88,0.51926169129774,0.4081675533803968,3.702883485945385e-12
Cadence Design Systems,CDNS,347.57,351.67,0.0117961849411629,28,0.2931805965081924,0.3561141049713602,3.3561278756089052e-12
CDW Corporation,CDW,164.18,232.8,0.417955902058716,5,0.119570747811104,0.2812068155596218,0.0
Charter Communications,CHTR,267.98,404.17,0.5082095678781999,48,-0.0940720864519277,0.3576018323366687,0.0
Cintas,CTAS,216.11,228.5,0.0573319143029011,48,0.2238290926868087,0.2367703044977792,1.547588446282333e-12
Cisco,CSCO,67.02,72.33,0.0792300805729633,75,0.1199069946818454,0.2273173853209673,1.096355645158198e-12
Coca-Cola Europacific Partners,CCEP,91.19,98.0,0.0746792411448624,14,0.1908015387560687,0.2548501379400706,7.568390358869692e-13
Cognizant,CTSH,71.08,79.0,0.1114237478897017,37,0.0470525950156687,0.2573880008702495,1.1426710272433027e-12
Comcast,CMCSA,33.6,43.0,0.2797619047619046,48,-0.0155406054158864,0.261556242317171,0.0
Constellation Energy,CEG,312.52,356.67,0.141270958658646,32,0.6803966659715761,0.4949951103942768,1.5340020920184827e-12
Copart,CPRT,47.68,35.5,-0.2554530201342282,4,0.1672777382764555,0.2606291658445022,4.6612835119530516e-12
CoStar Group,CSGP,88.36,97.0,0.0977818017202354,19,0.0669914135440245,0.3273968819307495,1.730848103731475e-12
Costco,COST,969.68,1062.5,0.0957223001402525,101,0.2315307982922127,0.226302549799403,9.358937236303433e-13
CrowdStrike,CRWD,414.06,433.94,0.0480123653576776,203,0.4035253186743454,0.5224204215169974,3.670858755855377e-12
CSX Corporation,CSX,35.87,36.75,0.0245330359632005,65,0.0925522262301891,0.235658260882449,1.5298231431648546e-12
Datadog,DDOG,129.15,149.0,0.1536972512582268,84,0.2427057632201638,0.5583887339240536,3.1582687853859426e-12
DexCom,DXCM,80.62,81.36,0.0091788638055072,41,0.0662604889578585,0.4706133626186048,2.9971684856189285e-12
Diamondback Energy,FANG,138.0,208.25,0.5090579710144927,61,0.3600116018102547,0.4598890754917062,0.0
DoorDash,DASH,245.18,257.55,0.0504527286075535,83,0.2278971875640098,0.5861314529071546,4.180617657612018e-12
Electronic Arts,EA,171.55,177.14,0.0325852521130864,55,0.06893234932669,0.2497263487070728,1.109595054726853e-12
Exelon,EXC,44.64,47.0,0.0528673835125448,15,0.1260891629105199,0.213199216928025,4.050787483222962e-13
Fastenal,FAST,49.14,69.33,0.4108669108669107,23,0.1786808111236893,0.2420361698851967,0.0
Fortinet,FTNT,77.75,103.5,0.3311897106109325,69,0.3166189918850979,0.4324327440094794,4.860521707339416e-13
GE HealthCare,GEHC,73.15,84.0,0.1483253588516746,15,0.1381478653412923,0.3250212123436827,7.515828237547595e-13
Gilead Sciences,GILD,116.14,126.14,0.0861029791630789,58,0.138171416598632,0.234586753540917,2.2945534361440423e-13
GlobalFoundries,GFS,32.6,67.38,1.0668711656441716,12,0.04504166407721,0.4991858107821562,0.0
Honeywell,HON,217.42,247.0,0.136050041394536,37,0.0913265764216247,0.2190868984926939,5.61488355810269e-13
Idexx Laboratories,IDXX,633.05,715.67,0.130511018087039,14,0.1674491281846015,0.3538844889660564,1.7947258262873689e-12
Intel,INTC,23.5,21.0,-0.1063829787234043,103,-0.0396432948968116,0.4396042232904947,4.198863479132342e-12
Intuit,INTU,697.76,820.0,0.1751891767943132,82,0.197570032723153,0.3450308537168295,1.8314880861902694e-12
Intuitive Surgical,ISRG,469.88,590.33,0.2563420447773901,68,0.1987303931234689,0.3297933866324,7.800721874007266e-13
Keurig Dr Pepper,KDP,35.2,38.67,0.0985795454545455,23,0.0558483115639386,0.1915602307511777,5.330284824633935e-14
KLA Corporation,KLAC,872.39,823.33,-0.0562363163264135,51,0.3765866752219468,0.4226522714457393,4.705968253970738e-12
Kraft Heinz,KHC,27.5,29.0,0.0545454545454544,32,-0.0197563272640714,0.2236230737148316,2.2113387510014348e-13
Lam Research,LRCX,98.41,83.67,-0.1497815262676557,54,0.3101157767492344,0.4466628102544042,5.636428823674322e-12
Linde plc,LIN,480.71,576.0,0.1982276216429865,33,0.1561185773285191,0.2171356930023678,6.451436607157746e-14
Lululemon,LULU,198.18,430.0,1.1697446765566657,122,-0.0372325455122172,0.4036520115788591,0.0
Marriott International,MAR,262.27,289.0,0.1019178708964045,32,0.2540533531745665,0.3086621243493818,1.6228528937345388e-12
Marvell Technology,MRVL,71.21,99.29,0.394326639516922,88,0.3094984947520245,0.5695586475852089,1.82471399101658e-12
Mercado Libre,MELI,2337.44,2700.0,0.1551098637825998,29,0.2689666701140987,0.5080120080321028,2.9156174002897828e-12
Meta Platforms,META,739.1,850.0,0.1500473548910836,235,0.3030337900801417,0.4396817373491122,2.260403669795963e-12
Microchip Technology,MCHP,66.1,69.33,0.0488653555219364,39,0.1439560788809732,0.4334058560248996,3.878170354298938e-12
Micron Technology,MU,115.79,146.43,0.2646169790137318,153,0.3071137193731391,0.4657384222052724,1.685297734699276e-12
Microsoft,MSFT,504.24,601.38,0.1926463588767253,190,0.2088202237573098,0.2655689551130605,8.969838760641835e-13
MicroStrategy,MSTR,337.58,220.0,-0.3483026245630665,9,1.0919883968413335,0.9554061623529176,9.458113112148503e-12
Mondelez International,MDLZ,62.94,73.25,0.1638068001271051,38,0.0355556336411832,0.1872720647984994,0.0
Monster Beverage,MNST,64.36,68.17,0.0591982597886886,38,0.1105002407912271,0.2401091394144359,1.1189486837093199e-12
"Netflix, Inc.",NFLX,1206.21,1250.45,0.0366768638960048,236,0.2821412012087361,0.4411003362960872,2.8918603622862804e-12
Nvidia,NVDA,174.98,190.78,0.0902960338324381,235,0.667832044879233,0.5270666584623265,4.108227646959506e-12
NXP Semiconductors,NXPI,223.93,252.5,0.1275845130174608,76,0.207691740068252,0.3987380453969205,2.8724887052300474e-12
O'Reilly Automotive,ORLY,102.87,1580.0,14.359191212209584,22,0.2653867999685775,0.2231687017565038,0.9999999998792732
Old Dominion Freight Line,ODFL,149.75,178.0,0.1886477462437394,47,0.154865972234185,0.3472190718138788,1.090362175548698e-12
Onsemi,ON,48.81,60.0,0.229256299938537,87,0.3126944431480066,0.5193852440629801,2.7641205296857763e-12
Paccar,PCAR,97.54,111.33,0.1413778962476932,34,0.1460837422867097,0.2589647709598887,5.953796483604279e-13
Palantir Technologies,PLTR,156.18,150.0,-0.0395697272378026,66,0.831985846098489,0.7228751705020426,5.3993667176177595e-12
Palo Alto Networks,PANW,183.32,254.0,0.3855553131136811,146,0.3717546922110432,0.4089659079408316,0.0
Paychex,PAYX,138.41,154.8,0.1184162994003323,31,0.1515993978808165,0.2297784590091215,8.602181467143311e-13
PayPal,PYPL,67.55,76.67,0.1350111028867506,161,-0.1184378416322965,0.4240892005565455,2.416853175923883e-12
PDD Holdings,PDD,122.96,121.0,-0.0159401431359791,38,0.3421450722730907,0.7277773123108358,3.888570021537419e-12
PepsiCo,PEP,148.98,153.67,0.0314807356692172,51,0.032674929288442,0.178244542899649,6.210622294222645e-13
Qualcomm,QCOM,154.13,185.0,0.2002854733017582,70,0.1364879211486289,0.3856986773387702,1.9463441275346938e-12
Regeneron Pharmaceuticals,REGN,598.16,679.0,0.135147786545406,79,0.0435006149811813,0.3001919098715653,3.109752039209823e-13
Roper Technologies,ROP,526.94,645.0,0.2240482787414126,17,0.0656518382790018,0.209797340995526,0.0
Ross Stores,ROST,145.62,146.67,0.0072105480016479,62,0.1506741054760548,0.3155556456628965,2.1332935418172383e-12
Shopify,SHOP,136.68,130.0,-0.0488732806555458,104,0.2830514012394698,0.6552531195666813,6.0485991215664114e-12
Starbucks,SBUX,88.56,107.5,0.2138663053297198,99,0.0708804920445839,0.3104626200633951,5.178531214955484e-13
Synopsys,SNPS,598.17,545.0,-0.0888877743785211,34,0.2721006032838621,0.3541733469301744,4.234043671225152e-12
T-Mobile US,TMUS,258.16,266.4,0.0319181902695999,57,0.1860082658609035,0.2403741023030101,1.0662460497856685e-12
Take-Two Interactive,TTWO,227.87,258.0,0.1322245139772677,1,0.1096824937331541,0.324855915450949,1.0049652082733118e-12
"Tesla, Inc.",TSLA,320.11,363.08,0.1342351066820779,214,0.3848299170934255,0.631008985371396,3.6207547376987392e-12
Texas Instruments,TXN,200.71,194.0,-0.0334313188181955,78,0.1222295373238405,0.3035760394311952,3.2379446346375573e-12
Thomson Reuters,TRI,176.09,182.0,0.0335623828723947,16,0.1815482150904319,0.2048261163716895,1.1389569842812364e-12
Trade Desk (The),TTD,52.3,98.33,0.8801147227533461,59,0.2723814227584838,0.6974145363208422,0.0
Vertex Pharmaceuticals,VRTX,397.46,482.44,0.2138076787601268,58,0.1252111655762944,0.3011106590813174,0.0
Warner Bros. Discovery,WBD,11.585,12.5,0.0789814415192058,34,0.022189169458421,0.5445557229565612,2.384176189806908e-12
"Workday, Inc.",WDAY,227.58,267.0,0.1732138149222251,97,0.1012486957221323,0.3816503091728371,1.7381339423305775e-12
Xcel Energy,XEL,73.16,76.33,0.0433296883542919,21,0.032879760122477,0.2103782132696467,4.1102711512142065e-13
