Company,Symbol,Previous Close,1y Target Est,Undervalue Rate,Analyst_Count,Annual_Return_5Y,Annual_Volatility_5Y,Weight,Risk_Contribution
Kraft Heinz,KHC,27.5,29.0,0.0545454545454544,32,-0.0197563272640714,0.2236230737148316,0.026062151437996384,0.0017197426032951695
Xcel Energy,XEL,73.16,76.33,0.0433296883542919,21,0.032879760122477,0.2103782132696467,0.024820993785911988,0.0017914444753285182
Keurig Dr Pepper,KDP,35.2,38.67,0.0985795454545455,23,0.0558483115639386,0.1915602307511777,0.023685949175319097,0.0018110836975062166
Exelon,EXC,44.64,47.0,0.0528673835125448,15,0.1260891629105199,0.213199216928025,0.023505668941100462,0.00186686419332848
PepsiCo,PEP,148.98,153.67,0.0314807356692172,51,0.032674929288442,0.178244542899649,0.02342119398619176,0.0018650821471746701
Mondelez International,MDLZ,62.94,73.25,0.1638068001271051,38,0.0355556336411832,0.1872720647984994,0.02299897581550954,0.0018848719517870181
Gilead Sciences,GILD,116.14,126.14,0.0861029791630789,58,0.138171416598632,0.234586753540917,0.022514045184418248,0.0018971538055058473
O'Reilly Automotive,ORLY,102.87,1580.0,14.359191212209584,22,0.2653867999685775,0.2231687017565038,0.021359897244419508,0.0019306574777840162
T-Mobile US,TMUS,258.16,266.4,0.0319181902695999,57,0.1860082658609035,0.2403741023030101,0.018717371607269585,0.00207653699788089
Electronic Arts,EA,171.55,177.14,0.0325852521130864,55,0.06893234932669,0.2497263487070728,0.018702488724541822,0.002023070575412489
Thomson Reuters,TRI,176.09,182.0,0.0335623828723947,16,0.1815482150904319,0.2048261163716895,0.018414125365865845,0.002040089771833982
Vertex Pharmaceuticals,VRTX,397.46,482.44,0.2138076787601268,58,0.1252111655762944,0.3011106590813174,0.018062069672276096,0.0020987562448803072
Coca-Cola Europacific Partners,CCEP,91.19,98.0,0.0746792411448624,14,0.1908015387560687,0.2548501379400706,0.01779539395181677,0.002119482266116804
Regeneron Pharmaceuticals,REGN,598.16,679.0,0.135147786545406,79,0.0435006149811813,0.3001919098715653,0.017631489737410393,0.0021141619179639412
Monster Beverage,MNST,64.36,68.17,0.0591982597886886,38,0.1105002407912271,0.2401091394144359,0.016377928829810363,0.0021792754224206597
Roper Technologies,ROP,526.94,645.0,0.2240482787414126,17,0.0656518382790018,0.209797340995526,0.0159487006876889,0.00218210029949127
Costco,COST,969.68,1062.5,0.0957223001402525,101,0.2315307982922127,0.226302549799403,0.015832677300034098,0.0021690572904394263
Honeywell,HON,217.42,247.0,0.136050041394536,37,0.0913265764216247,0.2190868984926939,0.015675432015187243,0.0021954222303993648
CSX Corporation,CSX,35.87,36.75,0.0245330359632005,65,0.0925522262301891,0.235658260882449,0.015628273269434324,0.0021926577677945373
Linde plc,LIN,480.71,576.0,0.1982276216429865,33,0.1561185773285191,0.2171356930023678,0.015492798786156258,0.002199337448404741
Cisco,CSCO,67.02,72.33,0.0792300805729633,75,0.1199069946818454,0.2273173853209673,0.015479112762994147,0.0021911743083577505
Comcast,CMCSA,33.6,43.0,0.2797619047619046,48,-0.0155406054158864,0.261556242317171,0.015440007719596385,0.0022056846755114353
Paccar,PCAR,97.54,111.33,0.1413778962476932,34,0.1460837422867097,0.2589647709598887,0.015376980128336468,0.002197975801302907
Fastenal,FAST,49.14,69.33,0.4108669108669107,23,0.1786808111236893,0.2420361698851967,0.014747369809373531,0.002232776280726024
Paychex,PAYX,138.41,154.8,0.1184162994003323,31,0.1515993978808165,0.2297784590091215,0.014717628556391887,0.0022432284618884107
Diamondback Energy,FANG,138.0,208.25,0.5090579710144927,61,0.3600116018102547,0.4598890754917062,0.014322603219846592,0.00221967872414445
Biogen,BIIB,139.12,180.75,0.299238067855089,89,-0.0480724219993385,0.4429819474439231,0.014302927491986469,0.002260149205269127
GE HealthCare,GEHC,73.15,84.0,0.1483253588516746,15,0.1381478653412923,0.3250212123436827,0.014120728166712268,0.002234434860416294
Take-Two Interactive,TTWO,227.87,258.0,0.1322245139772677,1,0.1096824937331541,0.324855915450949,0.013968749876002743,0.0022112463039585246
Charter Communications,CHTR,267.98,404.17,0.5082095678781999,48,-0.0940720864519277,0.3576018323366687,0.013910876465623652,0.002270042920480286
Cintas,CTAS,216.11,228.5,0.0573319143029011,48,0.2238290926868087,0.2367703044977792,0.013897501524284282,0.002272765738731688
Cognizant,CTSH,71.08,79.0,0.1114237478897017,37,0.0470525950156687,0.2573880008702495,0.013321545153377544,0.002275772320746324
Ross Stores,ROST,145.62,146.67,0.0072105480016479,62,0.1506741054760548,0.3155556456628965,0.013092556690820973,0.00229145659995941
Starbucks,SBUX,88.56,107.5,0.2138663053297198,99,0.0708804920445839,0.3104626200633951,0.01247163089276639,0.0023105677366065717
Copart,CPRT,47.68,35.5,-0.2554530201342282,4,0.1672777382764555,0.2606291658445022,0.012319843994935537,0.0023027848267839503
CDW Corporation,CDW,164.18,232.8,0.417955902058716,5,0.119570747811104,0.2812068155596218,0.012003565160037716,0.0023195051603524183
Marriott International,MAR,262.27,289.0,0.1019178708964045,32,0.2540533531745665,0.3086621243493818,0.011935174134291782,0.0023144233848052267
Microsoft,MSFT,504.24,601.38,0.1926463588767253,190,0.2088202237573098,0.2655689551130605,0.011931428911106295,0.0023033045642552315
Booking Holdings,BKNG,5710.74,5407.4,-0.0531174593835475,75,0.2835699318212641,0.332777827834742,0.01165356346658453,0.002320556644710923
CoStar Group,CSGP,88.36,97.0,0.0977818017202354,19,0.0669914135440245,0.3273968819307495,0.011574453158614353,0.002337825338926016
Constellation Energy,CEG,312.52,356.67,0.141270958658646,32,0.6803966659715761,0.4949951103942768,0.011428159363065316,0.002303255909927192
Old Dominion Freight Line,ODFL,149.75,178.0,0.1886477462437394,47,0.154865972234185,0.3472190718138788,0.01106244356215604,0.0023584998215607834
Palo Alto Networks,PANW,183.32,254.0,0.3855553131136811,146,0.3717546922110432,0.4089659079408316,0.01053153400622516,0.0023370400143025746
Idexx Laboratories,IDXX,633.05,715.67,0.130511018087039,14,0.1674491281846015,0.3538844889660564,0.01052414140175415,0.002375277682657859
Texas Instruments,TXN,200.71,194.0,-0.0334313188181955,78,0.1222295373238405,0.3035760394311952,0.01052369133921024,0.002360586283127938
Intuitive Surgical,ISRG,469.88,590.33,0.2563420447773901,68,0.1987303931234689,0.3297933866324,0.010302467431956853,0.0023796429731229316
DexCom,DXCM,80.62,81.36,0.0091788638055072,41,0.0662604889578585,0.4706133626186048,0.01018347930253297,0.0023776361786906667
Lululemon,LULU,198.18,430.0,1.1697446765566657,122,-0.0372325455122172,0.4036520115788591,0.010149605272951046,0.002370761901170911
"Netflix, Inc.",NFLX,1206.21,1250.45,0.0366768638960048,236,0.2821412012087361,0.4411003362960872,0.010038966660650194,0.00235793733123147
Warner Bros. Discovery,WBD,11.585,12.5,0.0789814415192058,34,0.022189169458421,0.5445557229565612,0.010015771093437997,0.0023947565914317435
