Company,Symbol,Previous Close,1y Target Est,Undervalue Rate,Annual_Return_5Y,Annual_Volatility_5Y,Weight,Risk_Contribution
Adobe Inc.,ADBE,381.06,489.29,0.2840235133574766,0.0750054384258262,0.3616676867817474,0.009399147843469832,0.0017251723188462574
Advanced Micro Devices,AMD,100.59,133.98,0.3319415448851772,0.2609525592612363,0.5165407372119373,0.006806868184439075,0.001786158254296941
Airbnb,ABNB,124.89,139.2,0.1145808311313956,0.0811988524603542,0.4925192317001072,0.007112384460485802,0.001779336053608207
Alphabet Inc.,GOOGL,164.21,201.75,0.2286097070823944,0.2230548638940211,0.3085770234255294,0.010795484278041459,0.00168961012275235
Alphabet Inc.,GOOG,166.05,200.79,0.2092140921409213,0.2247274368804348,0.307743483070084,0.010820673693658854,0.001688959804111592
Amazon,AMZN,186.35,239.33,0.2843037295411861,0.1528144211058007,0.3556553168454711,0.00953937110939527,0.0017217046065973755
American Electric Power,AEP,107.44,106.91,-0.0049329858525688,0.1190300084418037,0.2058318122194127,0.015062770656197004,0.0015694161271973819
Amgen,AMGN,290.92,313.54,0.0777533342499656,0.0879225431971203,0.234629378151423,0.013577466631019138,0.0016137631316492668
Analog Devices,ADI,197.72,240.94,0.2185919482095892,0.1943493308476666,0.3292121259442075,0.010207108461591731,0.001704776730730152
Ansys,ANSS,308.6,352.86,0.1434219053791314,0.0947777487336349,0.3237724166691617,0.010355939123469266,0.0017009478218198498
Apple Inc.,AAPL,198.89,232.17,0.1673286741414852,0.2435620227266065,0.2992411876558241,0.011084454079879463,0.0016821440724127076
Applied Materials,AMAT,154.61,201.77,0.3050255481534183,0.3223405221144979,0.4322186168336354,0.008011878118608411,0.001758362017975358
AppLovin,APP,301.84,432.9,0.4342035515504903,0.6829212711020861,0.793385017060357,0.004550818560935461,0.001835661756453257
Arm Holdings,ARM,121.95,147.07,0.2059860598605984,0.7155098836457938,0.8169801735956645,0.004426956729205553,0.0018389033436000287
ASML Holding,ASML,668.08,898.83,0.3453927673332535,0.2599268276129198,0.4153647751512699,0.008304705221277688,0.0017513564722120359
AstraZeneca,AZN,72.09,84.16,0.1674296018865306,0.110547017607668,0.2439451876215862,0.013155538706473954,0.0016260254168173215
Atlassian,TEAM,228.31,296.29,0.2977530550567211,0.1914321619894577,0.568033679360052,0.006233985323814689,0.0017992897300222485
Autodesk,ADSK,280.07,320.15,0.1431070803727638,0.1467011010876507,0.3551763243020358,0.009550714835083794,0.001721422472570402
Automatic Data Processing,ADP,303.96,309.08,0.0168443216212659,0.1915376303037632,0.2275371951773256,0.013916336705722862,0.0016037788061430223
Axon Enterprise,AXON,621.4,665.1,0.0703250724171227,0.5458836419292487,0.4836028834886946,0.007232837640980672,0.0017766339743512808
Baker Hughes,BKR,36.45,47.31,0.2979423868312756,0.2961392502568214,0.3883752927562178,0.008821438309253773,0.001739099571297716
Biogen,BIIB,121.08,181.71,0.5007433102081269,-0.1079439640804925,0.4451951418501064,0.007800134687768072,0.0017634334210524948
Booking Holdings,BKNG,5099.28,5457.3,0.0702099119875747,0.3177716794916381,0.3464973788150847,0.009760831051536445,0.0017161561903060462
Broadcom,AVGO,200.72,238.54,0.1884216819449979,0.5114816816453253,0.4068514716841394,0.008461004076881015,0.0017476401940341919
Cadence Design Systems,CDNS,308.83,319.32,0.0339669073600363,0.3277728950910908,0.3522262526962669,0.009621153852196149,0.0017196653717040844
CDW Corporation,CDW,165.75,204.7,0.2349924585218701,0.1403314500480028,0.2898815434438364,0.011389933185354889,0.0016742206374483846
Charter Communications,CHTR,386.33,411.92,0.0662387078404473,0.0099372641346137,0.3435165953778731,0.009835062066608696,0.0017142790332525567
Cintas,CTAS,211.68,209.54,-0.0101095993953137,0.3146017985348175,0.2557654849038607,0.012654346998211663,0.0016402493490576895
Cisco,CSCO,59.32,67.29,0.1343560350640593,0.1310184489954682,0.2368771485863209,0.013473337082425443,0.0016168093400283758
Coca-Cola Europacific Partners,CCEP,,,,0.2398619364308256,0.2691939075554861,0.012126454943148474,0.0016547443588801937
Cognizant,CTSH,72.58,85.64,0.1799393772389088,0.1071828697945114,0.2678521679164764,0.012177345855266145,0.001653369045825148
Comcast,CMCSA,34.45,40.5,0.1756168359941943,0.0549605198384397,0.2634817602245387,0.012345910503705856,0.0016487806386339236
Constellation Energy,CEG,248.27,280.74,0.1307850324243766,0.7081575925297123,0.5069307894784064,0.00692586337571226,0.0017834941368663137
Copart,CPRT,61.03,61.89,0.0140914304440438,0.2533989361416194,0.2608314838961234,0.012450260773767992,0.0016459140971429218
CoStar Group,CSGP,77.1,87.7,0.1374837872892349,0.0879227979053139,0.3379824584329364,0.009975817564471828,0.0017106999290490198
Costco,COST,1014.89,1052.04,0.036604952260836,0.282768108642816,0.2254031644190397,0.014021508452280392,0.0016006617056294685
CrowdStrike,CRWD,443.47,411.06,-0.0730827338940628,0.4969277057799037,0.5318697928341571,0.006625475962531712,0.0017902746154945834
CSX Corporation,CSX,28.47,32.81,0.1524411661397964,0.0981756575470762,0.2433797551504182,0.013180441521952805,0.001625308150591852
Datadog,DDOG,105.7,143.29,0.3556291390728476,0.3181152022375837,0.5791423205933095,0.006122641871717347,0.0018017855951116778
DexCom,DXCM,80.27,97.68,0.2168929861716708,0.0757100174026072,0.4753918178238085,0.007347321655596184,0.001774036979687
Diamondback Energy,FANG,135.54,189.38,0.3972259111701344,0.3991688286014521,0.4877453033420245,0.007176384599731426,0.0017779035035241952
DoorDash,DASH,205.4,218.7,0.0647517039922103,0.1792282499880872,0.5989062870663721,0.005933603523453749,0.0018058650492331538
Electronic Arts,EA,154.74,149.98,-0.030761276980742,0.0927459600388313,0.2493903940371371,0.012920150155754142,0.0016327582886535787
Exelon,EXC,46.0,47.53,0.0332608695652174,0.1850421395325632,0.2236324953760575,0.01410994632030276,0.0015980348858881071
Fastenal,FAST,82.42,75.28,-0.0866294588692064,0.2004241392999742,0.2433698810047624,0.0131808771863418,0.001625295594531866
Fortinet,FTNT,108.69,113.01,0.0397460667954734,0.3676618419264902,0.4237998368544752,0.008155499485957767,0.001754920163609337
GE HealthCare,GEHC,70.33,89.25,0.2690174889805203,0.1036007858569584,0.3297672931087503,0.01019215618628209,0.001705160814499805
Gilead Sciences,GILD,102.81,115.02,0.1187627662678727,0.1140138447358708,0.2324730717096051,0.013678810255880183,0.0016107877840909036
GlobalFoundries,GFS,35.88,45.11,0.257246376811594,0.0457636900686284,0.507235827415194,0.006922021348710973,0.0017835798639300525
Honeywell,HON,214.25,233.86,0.0915285880980163,0.1398415688722088,0.2328092266617148,0.013662916426231598,0.001611255061247833
Idexx Laboratories,IDXX,475.07,496.54,0.0451933399288526,0.1515511712487264,0.334925712852101,0.010055255648685972,0.0017086704962335601
Intel,INTC,20.27,21.58,0.0646275283670447,-0.1003752426630389,0.4324915488739663,0.008007306922308876,0.0017584716520060227
Intuit,INTU,632.18,697.18,0.1028188174254167,0.2268645222896137,0.3445410999863637,0.00980942599354141,0.001714928202918041
Intuitive Surgical,ISRG,531.82,576.03,0.08312963032605,0.2745435737401205,0.3349048448715904,0.010055802209598246,0.0017086565134424839
Keurig Dr Pepper,KDP,34.45,38.62,0.1210449927431058,0.0935764841406996,0.1918978559707443,0.01589612788180675,0.0015434616536737253
KLA Corporation,KLAC,693.29,786.44,0.1343593589983991,0.3879058804638029,0.424053599856029,0.008151094642749846,0.0017550255929802306
Kraft Heinz,KHC,29.1,31.72,0.0900343642611682,0.0674982858129185,0.2260816349569067,0.013987905182409159,0.0016016584714266952
Lam Research,LRCX,73.91,89.77,0.2145853064537952,0.3243210840310823,0.4518529949544193,0.0076957206341449445,0.0017659185737355129
Linde plc,LIN,452.49,491.57,0.0863665495370062,0.21716612929593,0.2256342078274421,0.014010047828659578,0.0016010017442592468
Lululemon Athletica,LULU,278.55,332.59,0.1940046670256685,0.1142412613764293,0.3943803094747752,0.008700976537470309,0.0017419552671388116
Marriott International,MAR,247.27,271.87,0.0994863913940227,0.2787931604395336,0.3390584083099285,0.009948146339947322,0.0017114053703225812
Marvell Technology,MRVL,58.37,103.36,0.7707726571869111,0.3301609104316066,0.5640358261736984,0.006275007339982485,0.0017983554565417273
MercadoLibre,MELI,2246.54,2474.37,0.1014137295574528,0.3443275299468022,0.5121938463819656,0.0068601741002849185,0.0017849621697730376
Meta Platforms,META,599.27,703.89,0.1745790712032973,0.304582647854924,0.441005365974191,0.00786727861292314,0.001761828133547262
Microchip Technology,MCHP,47.78,58.82,0.2310590205106739,0.1306357558049673,0.4326732362801336,0.008004266832626065,0.0017585445664595294
Micron Technology,MU,80.42,123.77,0.5390450136781895,0.2241667063481924,0.468576136031223,0.007445035362090692,0.001771792652141112
Microsoft,MSFT,436.17,505.93,0.1599376389939701,0.2181088578648148,0.271704570205175,0.012032291305194601,0.0016572774002838284
MicroStrategy,MSTR,386.53,502.79,0.3007787235143457,1.139736853774291,0.9508427941612662,0.0038283647075179196,0.001851190627324941
Mondelez International,MDLZ,67.8,72.63,0.0712389380530973,0.1007967702267622,0.1862450996927006,0.01625636912116081,0.0015316440259112362
MongoDB Inc.,MDB,162.66,268.21,0.6488995450633221,0.2224746420325775,0.673492922882777,0.005315328186816446,0.0018195676277749633
Monster Beverage,MNST,59.09,58.06,-0.0174310374005753,0.1618061016397807,0.2423884259257689,0.013224315798072131,0.0016240422935966197
"Netflix, Inc.",NFLX,1134.06,1096.58,-0.0330493977390967,0.2956296742389674,0.4462410244472884,0.007783549192173865,0.0017638292129972643
Nvidia,NVDA,113.82,163.12,0.4331400456861713,0.6830858616565554,0.5306953523606337,0.006639021831137704,0.0017899645292861973
NXP Semiconductors,NXPI,184.31,235.03,0.2751885410449786,0.2140551286757161,0.4060709234327005,0.008475632583927983,0.001747293151992975
O'Reilly Automotive,ORLY,1370.16,1460.44,0.065890115023063,0.2821126628246291,0.2249044398205564,0.014046309014800099,0.0015999255750229937
Old Dominion Freight Line,ODFL,156.23,167.01,0.0690008321065096,0.2055034470014833,0.3380729663429589,0.009973484114039165,0.0017107594481661035
Onsemi,ON,39.96,54.75,0.3701201201201201,0.3114312776231288,0.5196712292956842,0.006769000581087649,0.001787011301007274
Paccar,PCAR,90.29,102.16,0.1314652785469043,0.2039097728469981,0.2588981704706049,0.012527420273145658,0.0016437814893583613
Palantir Technologies,PLTR,123.77,93.41,-0.2452936899087016,0.7947962404351211,0.7342545151371039,0.004899030613886693,0.0018286311199325407
Palo Alto Networks,PANW,188.13,211.2,0.1226279700207302,0.4190501644539923,0.4064794799026919,0.008467969336198259,0.0017474749388468535
Paychex,PAYX,146.41,144.96,-0.0099036951027934,0.2138398593725016,0.2355050440754254,0.013536719320607776,0.0016149565362201727
PayPal,PYPL,68.54,82.32,0.2010504814706739,-0.0620713942289894,0.4245280207521987,0.008142872460412749,0.0017552224183858814
PDD Holdings,PDD,110.85,151.15,0.3635543527289131,0.4281586709947921,0.7426988215755392,0.004845834016543313,0.0018296056928187845
PepsiCo,PEP,131.99,151.55,0.148193044927646,0.0431613268639729,0.1736720808527494,0.01709729798812544,0.0015013748624558348
Qualcomm,QCOM,139.44,176.86,0.2683591508892715,0.2151542503249413,0.3963337212947453,0.00866249211537359,0.0017428665701655942
Regeneron Pharmaceuticals,REGN,603.58,800.13,0.3256403459359156,0.0420779373707654,0.2918518789296913,0.011324260392162487,0.0016759284891246626
Roper Technologies,ROP,557.59,624.66,0.1202855144460983,0.1227681626573311,0.2131486381172857,0.014656541739879635,0.0015816956365912785
Ross Stores,ROST,141.47,154.83,0.094436983105959,0.153997695528539,0.3243125367462809,0.010340969762812308,0.0017013333299325168
Starbucks,SBUX,81.66,92.08,0.1276022532451628,0.0855300868244311,0.3114735734942102,0.010708853036074497,0.0016918462980442623
Synopsys,SNPS,477.41,595.21,0.2467480781718021,0.280948195850089,0.3515556222579183,0.009637305746123367,0.0017192612312612375
Take-Two Interactive,TTWO,233.32,222.15,-0.0478741642379564,0.1732974112049509,0.3320693803041791,0.010130611343126289,0.001706740287072172
T-Mobile US,TMUS,248.3,269.25,0.0843737414418042,0.231232311648994,0.2446621364660067,0.013124089304268243,0.0016269299421043523
"Tesla, Inc.",TSLA,280.26,289.44,0.0327552986512524,0.5382348814013832,0.6401998328467607,0.005573689209881543,0.0018135120478982006
Texas Instruments,TXN,162.42,177.41,0.0922915897057012,0.1422428819642087,0.2973830835008592,0.01114380830000975,0.0016806080554538038
Trade Desk (The),TTD,55.5,85.64,0.5430630630630631,0.3331460793277173,0.6719655424401282,0.005326634111592774,0.0018192945303520992
Verisk Analytics,VRSK,294.75,294.02,-0.0024766751484309,0.1582355872000734,0.2278427042668283,0.013901404779517937,0.0016042207286396403
Vertex Pharmaceuticals,VRTX,500.19,501.36,0.0023391111377677,0.1461550047489125,0.2924219302039248,0.0113053980491132,0.0016764184753213951
Warner Bros. Discovery,WBD,8.37,13.19,0.5758661887694148,-0.0272227339117706,0.5467413557689457,0.006458697277383978,0.0017941196281189963
"Workday, Inc.",WDAY,248.34,298.61,0.2024240959974228,0.1596946975336513,0.3829539873318137,0.008933051963453625,0.0017364449251065252
Xcel Energy,XEL,70.89,74.94,0.0571307659754549,0.087526050236891,0.2115057490382365,0.01474592404960707,0.0015790057866555153
Zscaler,ZS,226.17,236.83,0.0471326878012114,0.3891059930963985,0.5712061338080042,0.00620179666275821,0.0018000177654498735
